"time","Q_m3pd"
2014-01-01,0
2014-01-02,24859.9154769231
2014-01-03,17401.9408338462
2014-01-04,12181.3585836923
2014-01-05,78974.8462373036
2014-01-06,59612.1903661125
2014-01-07,41728.5332562787
2014-01-08,29209.9732793951
2014-01-09,20446.9812955766
2014-01-10,234883.78169831
2014-01-11,447746.197879325
2014-01-12,313832.457559091
2014-01-13,237437.390353516
2014-01-14,210767.932983667
2014-01-15,148095.428288567
2014-01-16,103666.799801997
2014-01-17,82091.1091626187
2014-01-18,57463.7764138331
2014-01-19,40224.6434896832
2014-01-20,28157.2504427782
2014-01-21,55193.2789245794
2014-01-22,38635.2952472056
2014-01-23,27044.7066730439
2014-01-24,18931.2946711308
2014-01-25,13251.9062697915
2014-01-26,10841.0177822674
2014-01-27,7588.71244758716
2014-01-28,30902.3697239807
2014-01-29,21631.6588067865
2014-01-30,15142.1611647505
2014-01-31,10599.5128153254
2014-02-01,7419.65897072777
2014-02-02,211247.053075511
2014-02-03,662443.387034525
2014-02-04,521703.241324168
2014-02-05,369219.59226889
2014-02-06,258453.714588223
2014-02-07,180917.600211756
2014-02-08,126758.654849439
2014-02-09,88731.0583946076
2014-02-10,62111.7408762253
2014-02-11,43478.2186133577
2014-02-12,544234.590034898
2014-02-13,602276.303801899
2014-02-14,432493.927255383
2014-02-15,313115.907823914
2014-02-16,219181.13547674
2014-02-17,153426.794833718
2014-02-18,107398.756383603
2014-02-19,94938.1674745474
2014-02-20,81344.2472133359
2014-02-21,229784.090975788
2014-02-22,167595.134422386
2014-02-23,128095.841728791
2014-02-24,90222.6209829812
2014-02-25,63155.8346880868
2014-02-26,44209.0842816608
2014-02-27,30946.3589971625
2014-02-28,21662.4512980138
2014-03-01,15163.7159086096
2014-03-02,162880.619392203
2014-03-03,427930.193574542
2014-03-04,299551.13550218
2014-03-05,209685.794851526
2014-03-06,156798.23935682
2014-03-07,171266.821242645
2014-03-08,119886.774869852
2014-03-09,84864.177967959
2014-03-10,68651.0678940113
2014-03-11,72578.8358293856
2014-03-12,57616.2325810557
2014-03-13,40331.362806739
2014-03-14,28231.9539647173
2014-03-15,39730.752813821
2014-03-16,221434.91384869
2014-03-17,183687.342494083
2014-03-18,142429.660839888
2014-03-19,101823.269353097
2014-03-20,78888.6382244598
2014-03-21,67901.5320382228
2014-03-22,67986.1391512791
2014-03-23,69666.1382058954
2014-03-24,49123.1407441268
2014-03-25,154731.30988951
2014-03-26,108311.916922657
2014-03-27,75818.3418458599
2014-03-28,61404.0644194196
2014-03-29,314179.408199713
2014-03-30,228572.856718135
2014-03-31,173169.013099312
2014-04-01,153894.075953736
2014-04-02,149061.660086347
2014-04-03,225423.550323795
2014-04-04,198573.442340412
2014-04-05,153247.263286783
2014-04-06,203961.191039613
2014-04-07,563196.997928866
2014-04-08,422287.981431666
2014-04-09,322944.090484996
2014-04-10,255909.177322098
2014-04-11,218517.126089481
2014-04-12,198677.164492178
2014-04-13,192076.056996392
2014-04-14,477050.306354339
2014-04-15,542391.502550606
2014-04-16,383729.46755903
2014-04-17,276287.082805828
2014-04-18,209694.425472044
2014-04-19,173708.514082362
2014-04-20,143069.998682186
2014-04-21,126955.280884109
2014-04-22,129148.14374899
2014-04-23,111926.531138499
2014-04-24,103908.004495524
2014-04-25,205333.055367167
2014-04-26,183347.082593398
2014-04-27,169280.883258478
2014-04-28,388903.126986132
2014-04-29,866639.85529368
2014-04-30,690301.488343023
2014-05-01,514855.275054831
2014-05-02,391068.083480123
2014-05-03,275527.553008997
2014-05-04,192869.287106298
2014-05-05,155252.071002875
2014-05-06,108676.449702012
2014-05-07,76073.5147914087
2014-05-08,53251.4603539861
2014-05-09,57359.9138193654
2014-05-10,90713.7380735558
2014-05-11,63499.6166514891
2014-05-12,68071.4070790995
2014-05-13,63641.4993553696
2014-05-14,46129.5143487587
2014-05-15,771811.448454131
2014-05-16,553074.082717892
2014-05-17,387151.857902524
2014-05-18,271006.300531767
2014-05-19,189704.410372237
2014-05-20,132793.087260566
2014-05-21,92955.1610823961
2014-05-22,65068.6127576773
2014-05-23,45548.0289303741
2014-05-24,31883.6202512619
2014-05-25,22318.5341758833
2014-05-26,15622.9739231183
2014-05-27,18971.1507917695
2014-05-28,13279.8055542387
2014-05-29,67507.4626146971
2014-05-30,47255.2238302879
2014-05-31,33078.6566812016
2014-06-01,23155.0596768411
2014-06-02,16208.5417737888
2014-06-03,11345.9792416521
2014-06-04,281843.392992827
2014-06-05,197290.375094979
2014-06-06,138103.262566485
2014-06-07,96672.2837965396
2014-06-08,100454.02400493
2014-06-09,70317.8168034507
2014-06-10,72997.0830870973
2014-06-11,308521.406160968
2014-06-12,369766.382712678
2014-06-13,258836.467898874
2014-06-14,181185.527529212
2014-06-15,126829.869270448
2014-06-16,88780.9084893139
2014-06-17,62146.6359425197
2014-06-18,43502.6451597638
2014-06-19,30451.8516118347
2014-06-20,161936.248052751
2014-06-21,113355.373636925
2014-06-22,178942.941641023
2014-06-23,125260.059148716
2014-06-24,88652.3848328591
2014-06-25,73407.1758042875
2014-06-26,51385.0230630013
2014-06-27,53807.8874134123
2014-06-28,37665.5211893886
2014-06-29,42462.2517724602
2014-06-30,29723.5762407221
2014-07-01,20806.5033685055
2014-07-02,19134.1134313761
2014-07-03,521534.740913929
2014-07-04,365074.31863975
2014-07-05,255552.023047825
2014-07-06,178886.416133478
2014-07-07,125220.491293434
2014-07-08,117406.928822928
2014-07-09,208640.55737605
2014-07-10,186416.435763235
2014-07-11,130491.505034264
2014-07-12,91344.053523985
2014-07-13,63940.8374667895
2014-07-14,116265.557032694
2014-07-15,121992.557922886
2014-07-16,85394.7905460203
2014-07-17,59776.3533822142
2014-07-18,41843.4473675499
2014-07-19,43174.1049055792
2014-07-20,30221.8734339054
2014-07-21,30599.0325163988
2014-07-22,37258.2931614791
2014-07-23,26080.8052130354
2014-07-24,235846.936945966
2014-07-25,165092.855862176
2014-07-26,127563.199524081
2014-07-27,148049.285266857
2014-07-28,103634.4996868
2014-07-29,72544.1497807597
2014-07-30,50780.9048465318
2014-07-31,41156.0128338493
2014-08-01,252466.88044362
2014-08-02,176726.816310534
2014-08-03,123708.771417374
2014-08-04,86596.1399921617
2014-08-05,78632.0146920452
2014-08-06,55042.4102844316
2014-08-07,38529.6871991021
2014-08-08,290472.796382979
2014-08-09,786851.527868085
2014-08-10,579332.69350766
2014-08-11,757792.393455362
2014-08-12,667079.619418753
2014-08-13,467447.687993127
2014-08-14,327213.381595189
2014-08-15,229049.367116632
2014-08-16,160334.556981643
2014-08-17,112234.18988715
2014-08-18,411859.312508134
2014-08-19,325147.977155694
2014-08-20,230100.402408986
2014-08-21,225515.21848629
2014-08-22,207539.875340403
2014-08-23,701399.946338282
2014-08-24,510924.545636797
2014-08-25,357647.181945758
2014-08-26,250353.027362031
2014-08-27,175247.119153422
2014-08-28,122672.983407395
2014-08-29,85871.0883851766
2014-08-30,76025.7226906633
2014-08-31,65491.8050834643
2014-09-01,45844.263558425
2014-09-02,208018.762314763
2014-09-03,145613.133620334
2014-09-04,102236.541832757
2014-09-05,116801.749789485
2014-09-06,154682.160052639
2014-09-07,109385.635236848
2014-09-08,87151.0502657933
2014-09-09,61005.7351860553
2014-09-10,42704.0146302387
2014-09-11,65417.8069425343
2014-09-12,192664.558869774
2014-09-13,189258.023208842
2014-09-14,132500.229046189
2014-09-15,92750.1603323325
2014-09-16,64925.1122326328
2014-09-17,45447.5785628429
2014-09-18,31813.30499399
2014-09-19,63770.5522232684
2014-09-20,44639.3865562879
2014-09-21,44682.210063117
2014-09-22,31277.5470441819
2014-09-23,21894.2829309273
2014-09-24,26134.7861842724
2014-09-25,18294.3503289907
2014-09-26,12806.0452302935
2014-09-27,8964.23166120545
2014-09-28,7415.82933565727
2014-09-29,9501.41042957478
2014-09-30,6650.98730070235
2014-10-01,4655.69111049164
2014-10-02,3258.98377734415
2014-10-03,132750.019638917
2014-10-04,92925.0137472417
2014-10-05,65047.5096230692
2014-10-06,166890.773749935
2014-10-07,352906.084024955
2014-10-08,247034.258817468
2014-10-09,172923.981172228
2014-10-10,275272.331419997
2014-10-11,226540.690393998
2014-10-12,356498.739075798
2014-10-13,344859.153353059
2014-10-14,668084.408947141
2014-10-15,561058.508662999
2014-10-16,392740.956064099
2014-10-17,274918.669244869
2014-10-18,192443.068471409
2014-10-19,134710.147929986
2014-10-20,94297.1035509903
2014-10-21,66007.9724856932
2014-10-22,46205.5807399852
2014-10-23,32343.9065179897
2014-10-24,22640.7345625928
2014-10-25,15848.5141938149
2014-10-26,11093.9599356705
2014-10-27,7765.77195496932
2014-10-28,5801.41163149759
2014-10-29,4060.98814204831
2014-10-30,3535.74187554779
2014-10-31,129595.499292174
2014-11-01,167608.014704522
2014-11-02,117325.610293165
2014-11-03,82127.9272052158
2014-11-04,57489.549043651
2014-11-05,57032.0349178466
2014-11-06,56338.8828424926
2014-11-07,39437.2179897448
2014-11-08,27606.0525928214
2014-11-09,19324.236814975
2014-11-10,13526.9657704825
2014-11-11,9468.87603933773
2014-11-12,6628.21322753641
2014-11-13,4639.74925927549
2014-11-14,4937.45006335336
2014-11-15,3456.21504434736
2014-11-16,24619.7605827233
2014-11-17,315044.945617906
2014-11-18,220531.461932534
2014-11-19,154372.023352774
2014-11-20,108060.416346942
2014-11-21,75642.2914428593
2014-11-22,52949.6040100015
2014-11-23,279604.253578373
2014-11-24,195722.977504861
2014-11-25,262039.999735068
2014-11-26,641743.723814547
2014-11-27,449220.606670183
2014-11-28,314454.424669128
2014-11-29,220118.09726839
2014-11-30,154082.668087873
2014-12-01,182383.006841449
2014-12-02,290188.754789014
2014-12-03,203132.12835231
2014-12-04,192405.775675967
2014-12-05,136732.763373177
2014-12-06,136052.922761224
2014-12-07,95237.0459328567
2014-12-08,84836.6753450087
2014-12-09,59385.6727415061
2014-12-10,41569.9709190543
2014-12-11,29098.979643338
2014-12-12,20369.2857503366
2014-12-13,14258.5000252356
2014-12-14,11085.7706876518
2014-12-15,12747.3674217388
2014-12-16,25818.2718098098
2014-12-17,18072.7902668669
2014-12-18,12650.9531868068
2014-12-19,8855.66723076478
2014-12-20,6198.96706153534
2014-12-21,4339.27694307474
2014-12-22,88703.1767795797
2014-12-23,238014.278983779
2014-12-24,340442.605754896
2014-12-25,238309.824028427
2014-12-26,166816.876819899
2014-12-27,122439.891628398
2014-12-28,137084.784891102
2014-12-29,198044.044609244
2014-12-30,145438.10722647
2014-12-31,101806.675058529
2015-01-01,71264.6725409705
2015-01-02,52670.1359383511
2015-01-03,114621.893706946
2015-01-04,102352.026394862
2015-01-05,71646.4184764036
2015-01-06,50152.4929334825
2015-01-07,35106.7450534378
2015-01-08,24574.7215374064
2015-01-09,17202.3050761845
2015-01-10,12041.6135533292
2015-01-11,22250.0547583344
2015-01-12,115714.943013944
2015-01-13,89867.5742357623
2015-01-14,67471.5809146227
2015-01-15,47230.1066402359
2015-01-16,33061.0746481651
2015-01-17,23142.7522537156
2015-01-18,18199.0478343768
2015-01-19,12739.3334840637
2015-01-20,12815.5827020006
2015-01-21,11076.5234444149
2015-01-22,9805.14175768727
2015-01-23,242356.510687641
2015-01-24,169768.868681349
2015-01-25,118838.208076944
2015-01-26,93068.654402418
2015-01-27,65148.0580816927
2015-01-28,45603.6406571848
2015-01-29,32996.060587743
2015-01-30,23097.2424114201
2015-01-31,16168.0696879941
2015-02-01,59791.0447303373
2015-02-02,58896.1649112361
2015-02-03,41227.3154378653
2015-02-04,28859.1208065057
2015-02-05,20201.384564554
2015-02-06,14140.9691951878
2015-02-07,9898.67843663145
2015-02-08,11587.2537263269
2015-02-09,40004.7237595153
2015-02-10,28003.3066316607
2015-02-11,19602.3146421625
2015-02-12,13721.6202495137
2015-02-13,9605.13417465962
2015-02-14,19042.9896850862
2015-02-15,13330.0927795604
2015-02-16,354594.83785124
2015-02-17,248216.386495868
2015-02-18,186940.220400638
2015-02-19,130858.154280447
2015-02-20,91600.7079963128
2015-02-21,449117.906591459
2015-02-22,315884.600311898
2015-02-23,221119.220218329
2015-02-24,155190.023464459
2015-02-25,179151.610810247
2015-02-26,138886.729945832
2015-02-27,97220.7109620825
2015-02-28,68054.4976734578
2015-03-01,47638.1483714204
2015-03-02,33346.7038599943
2015-03-03,28385.3809592322
2015-03-04,257782.976440694
2015-03-05,635370.248308486
2015-03-06,444759.17381594
2015-03-07,311331.421671158
2015-03-08,218240.999923284
2015-03-09,168808.629273644
2015-03-10,165936.134245024
2015-03-11,177207.982517756
2015-03-12,135137.635986271
2015-03-13,219464.583025611
2015-03-14,255569.146805839
2015-03-15,198088.676271966
2015-03-16,161310.082471105
2015-03-17,127588.779649331
2015-03-18,95993.8389970125
2015-03-19,314105.539135807
2015-03-20,247445.698414157
2015-03-21,189562.926914387
2015-03-22,155802.796605379
2015-03-23,122120.030870315
2015-03-24,99481.4811941345
2015-03-25,93440.5354814128
2015-03-26,535542.763772806
2015-03-27,450348.436856268
2015-03-28,315243.905799387
2015-03-29,222926.121291853
2015-03-30,156048.284904297
2015-03-31,121071.940988349
2015-04-01,97784.6768214368
2015-04-02,86943.5449141755
2015-04-03,156090.622238498
2015-04-04,119181.458586746
2015-04-05,97165.2309317535
2015-04-06,104954.560947325
2015-04-07,290794.275262402
2015-04-08,585782.217958374
2015-04-09,468471.107291461
2015-04-10,423100.495133066
2015-04-11,326594.483106118
2015-04-12,259887.302359228
2015-04-13,246688.39865979
2015-04-14,583164.086855285
2015-04-15,451359.909464012
2015-04-16,462733.27303896
2015-04-17,368035.432698953
2015-04-18,314817.371180061
2015-04-19,1078975.29052446
2015-04-20,893765.415367122
2015-04-21,625635.790756985
2015-04-22,437945.05352989
2015-04-23,306561.537470923
2015-04-24,214593.076229646
2015-04-25,350016.30844312
2015-04-26,250064.980710184
2015-04-27,175045.486497129
2015-04-28,122531.84054799
2015-04-29,85772.288383593
2015-04-30,257076.349014334
2015-05-01,259267.607510033
2015-05-02,181487.325257023
2015-05-03,127041.127679916
2015-05-04,88928.7893759415
2015-05-05,62250.152563159
2015-05-06,215174.670499196
2015-05-07,150622.269349437
2015-05-08,105435.588544606
2015-05-09,73804.9119812243
2015-05-10,52850.0698952253
2015-05-11,63044.2505841808
2015-05-12,44130.9754089265
2015-05-13,30891.6827862486
2015-05-14,21624.177950374
2015-05-15,26957.7819085718
2015-05-16,24583.7649360003
2015-05-17,101932.1178552
2015-05-18,166743.14889864
2015-05-19,116720.204229048
2015-05-20,81704.1429603337
2015-05-21,147584.151212327
2015-05-22,103308.905848629
2015-05-23,72316.2340940402
2015-05-24,50621.3638658281
2015-05-25,35434.9547060797
2015-05-26,37476.5456839179
2015-05-27,26233.5819787426
2015-05-28,29039.961172724
2015-05-29,31028.9344209068
2015-05-30,21720.2540946348
2015-05-31,152354.832683218
2015-06-01,440245.766878252
2015-06-02,1105645.37361478
2015-06-03,877446.872730344
2015-06-04,627292.641711241
2015-06-05,466100.779478869
2015-06-06,326270.545635208
2015-06-07,228389.381944646
2015-06-08,403882.317365353
2015-06-09,282717.622155747
2015-06-10,197902.335509023
2015-06-11,148279.307515837
2015-06-12,120137.880861086
2015-06-13,100182.82620276
2015-06-14,130581.710341932
2015-06-15,91407.1972393526
2015-06-16,79701.9191392486
2015-06-17,401672.877797474
2015-06-18,417776.345658232
2015-06-19,293855.563560762
2015-06-20,230979.248892534
2015-06-21,196864.844624774
2015-06-22,137805.391237341
2015-06-23,96463.773866139
2015-06-24,67524.6417062973
2015-06-25,47267.2491944081
2015-06-26,434269.070384103
2015-06-27,361506.154068872
2015-06-28,253054.30784821
2015-06-29,181165.824259734
2015-06-30,193482.424515431
2015-07-01,135437.697160802
2015-07-02,100505.370617468
2015-07-03,201303.521832228
2015-07-04,179060.995682559
2015-07-05,253175.113777792
2015-07-06,619861.138844454
2015-07-07,433902.797191118
2015-07-08,314689.258733567
2015-07-09,220282.481113497
2015-07-10,223106.15813212
2015-07-11,156174.310692484
2015-07-12,636378.237169584
2015-07-13,725497.958818709
2015-07-14,539148.965573096
2015-07-15,377404.275901167
2015-07-16,264182.993130817
2015-07-17,184928.095191572
2015-07-18,129449.6666341
2015-07-19,90614.7666438703
2015-07-20,63430.3366507092
2015-07-21,44401.2356554964
2015-07-22,31080.8649588475
2015-07-23,21756.6054711933
2015-07-24,15229.6238298353
2015-07-25,34177.0841403278
2015-07-26,23923.9588982295
2015-07-27,21035.6689693909
2015-07-28,47465.8138785736
2015-07-29,41457.9977150015
2015-07-30,38183.5896005011
2015-07-31,26728.5127203508
2015-08-01,18709.9589042455
2015-08-02,13096.9712329719
2015-08-03,9167.87986308031
2015-08-04,6417.51590415622
2015-08-05,11821.9766718351
2015-08-06,95313.1167518919
2015-08-07,66761.1313263244
2015-08-08,57502.943128427
2015-08-09,40252.0601898989
2015-08-10,633718.784756631
2015-08-11,494887.897329641
2015-08-12,346421.528130749
2015-08-13,242495.069691524
2015-08-14,169746.548784067
2015-08-15,129499.500285414
2015-08-16,190182.43099979
2015-08-17,139750.835299853
2015-08-18,143360.513509897
2015-08-19,302627.882656928
2015-08-20,217918.94105985
2015-08-21,152543.258741895
2015-08-22,106780.281119326
2015-08-23,84899.1303858725
2015-08-24,59429.3912701107
2015-08-25,41600.5738890775
2015-08-26,29120.4017223543
2015-08-27,20384.281205648
2015-08-28,14268.9968439536
2015-08-29,9988.29779076751
2015-08-30,6991.80845353726
2015-08-31,4894.26591747608
2015-09-01,3425.98614223326
2015-09-02,2398.19029956328
2015-09-03,8866.01411960391
2015-09-04,304556.069800578
2015-09-05,213189.248860405
2015-09-06,149232.474202283
2015-09-07,104462.731941598
2015-09-08,73123.9123591188
2015-09-09,145935.42482714
2015-09-10,119688.640578998
2015-09-11,83782.0484052984
2015-09-12,76919.5268342567
2015-09-13,53843.6687839797
2015-09-14,37690.5681487858
2015-09-15,26383.3977041501
2015-09-16,18468.378392905
2015-09-17,12927.8648750335
2015-09-18,9049.50541252347
2015-09-19,6334.65378876643
2015-09-20,74182.8500295632
2015-09-21,606490.266220694
2015-09-22,425092.344754486
2015-09-23,297564.64132814
2015-09-24,208295.248929698
2015-09-25,426282.294697899
2015-09-26,850708.76388853
2015-09-27,1447708.25152197
2015-09-28,1176632.02086538
2015-09-29,1881381.96580577
2015-09-30,1316967.37606404
2015-10-01,934439.364417198
2015-10-02,1149238.95629204
2015-10-03,1307746.97180443
2015-10-04,975262.077863099
2015-10-05,682683.454504169
2015-10-06,477878.418152919
2015-10-07,334514.892707043
2015-10-08,234160.42489493
2015-10-09,317120.06275733
2015-10-10,291470.559930131
2015-10-11,204029.391951092
2015-10-12,147632.030422935
2015-10-13,103342.421296054
2015-10-14,72339.6949072381
2015-10-15,50637.7864350667
2015-10-16,35446.4505045467
2015-10-17,24812.5153531827
2015-10-18,17368.7607472279
2015-10-19,12158.1325230595
2015-10-20,8510.69276614165
2015-10-21,5957.48493629916
2015-10-22,4170.23945540941
2015-10-23,2919.16761878659
2015-10-24,2043.41733315061
2015-10-25,1430.39213320543
2015-10-26,6366.93459734127
2015-10-27,864552.041253145
2015-10-28,848013.050477202
2015-10-29,593915.312934041
2015-10-30,415740.719053829
2015-10-31,291657.666867552
2015-11-01,217177.612369278
2015-11-02,182779.105858494
2015-11-03,127945.374100946
2015-11-04,89561.7618706622
2015-11-05,62693.2333094636
2015-11-06,43885.2633166245
2015-11-07,86339.583013155
2015-11-08,60437.7081092085
2015-11-09,601355.140208752
2015-11-10,456461.386146127
2015-11-11,319522.970302289
2015-11-12,223666.079211602
2015-11-13,156566.255448121
2015-11-14,109596.378813685
2015-11-15,76717.4651695795
2015-11-16,53702.2256187057
2015-11-17,41445.4544147749
2015-11-18,811396.819040177
2015-11-19,567977.773328124
2015-11-20,397584.441329687
2015-11-21,278309.108930781
2015-11-22,194816.376251547
2015-11-23,136371.463376083
2015-11-24,95460.0243632578
2015-11-25,66822.0170542805
2015-11-26,46775.4119379964
2015-11-27,32742.7883565974
2015-11-28,27020.3506742336
2015-11-29,145199.157871964
2015-11-30,380626.587310374
2015-12-01,613473.758836262
2015-12-02,572890.001585384
2015-12-03,401023.001109768
2015-12-04,280716.100776838
2015-12-05,196501.270543787
2015-12-06,137550.889380651
2015-12-07,114405.115011122
2015-12-08,80083.5805077855
2015-12-09,56058.5063554498
2015-12-10,39240.9544488149
2015-12-11,27468.6681141704
2015-12-12,19228.0676799193
2015-12-13,13459.6473759435
2015-12-14,22749.5636139957
2015-12-15,15924.694529797
2015-12-16,13489.4643468775
2015-12-17,345800.251862814
2015-12-18,242060.17630397
2015-12-19,169442.123412779
2015-12-20,118609.486388945
2015-12-21,130471.492865037
2015-12-22,251463.926205526
2015-12-23,379845.324343868
2015-12-24,470962.074240708
2015-12-25,395723.641968495
2015-12-26,297792.576177947
2015-12-27,208830.170524563
2015-12-28,317967.727767194
2015-12-29,242648.113837036
2015-12-30,221940.645685925
2015-12-31,155358.451980148
2016-01-01,108750.916386103
2016-01-02,76125.6414702723
2016-01-03,53287.9490291906
2016-01-04,37452.7153489137
2016-01-05,26216.9007442396
2016-01-06,18351.8305209677
2016-01-07,12846.2813646774
2016-01-08,61756.0788167011
2016-01-09,323642.990771691
2016-01-10,234792.372740184
2016-01-11,164354.660918128
2016-01-12,115048.26264269
2016-01-13,80533.7838498829
2016-01-14,56373.6486949181
2016-01-15,233350.202533089
2016-01-16,163471.262973162
2016-01-17,126832.528481214
2016-01-18,88782.7699368495
2016-01-19,62147.9389557946
2016-01-20,50452.3780361147
2016-01-21,35316.6646252803
2016-01-22,534857.245390815
2016-01-23,495016.884511515
2016-01-24,346511.81915806
2016-01-25,242558.273410642
2016-01-26,169790.79138745
2016-01-27,118853.553971215
2016-01-28,83197.4877798503
2016-01-29,58238.2414458952
2016-01-30,40766.7690121267
2016-01-31,28536.7383084887
2016-02-01,66827.4661299922
2016-02-02,79642.2795879833
2016-02-03,618178.113987731
2016-02-04,436437.691342388
2016-02-05,305506.383939672
2016-02-06,213854.46875777
2016-02-07,149698.128130439
2016-02-08,122461.585349676
2016-02-09,85723.1097447734
2016-02-10,60006.1768213414
2016-02-11,42004.323774939
2016-02-12,29403.0266424573
2016-02-13,20582.1186497201
2016-02-14,173069.543010553
2016-02-15,628519.33713107
2016-02-16,685442.618914625
2016-02-17,479809.833240237
2016-02-18,335866.883268166
2016-02-19,235106.818287716
2016-02-20,171606.71712989
2016-02-21,244084.772800735
2016-02-22,313592.739607913
2016-02-23,413241.206830525
2016-02-24,580961.363054529
2016-02-25,408202.839837374
2016-02-26,285741.987886162
2016-02-27,200019.391520313
2016-02-28,145059.882178821
2016-02-29,115671.770183442
2016-03-01,215830.790041994
2016-03-02,151081.553029396
2016-03-03,133737.536455458
2016-03-04,93616.2755188209
2016-03-05,89225.051048099
2016-03-06,68466.4736940659
2016-03-07,58867.1744814213
2016-03-08,73342.59665394
2016-03-09,83640.7621144889
2016-03-10,100753.827005839
2016-03-11,116295.768862503
2016-03-12,124865.760422933
2016-03-13,298713.300959459
2016-03-14,689586.036485792
2016-03-15,522897.17665028
2016-03-16,400610.017135903
2016-03-17,303030.233858551
2016-03-18,234691.535598686
2016-03-19,303548.877159449
2016-03-20,229547.871605075
2016-03-21,167857.491296426
2016-03-22,127785.152686711
2016-03-23,112289.238358137
2016-03-24,109827.645090967
2016-03-25,117481.242493153
2016-03-26,110627.474727594
2016-03-27,279752.790459333
2016-03-28,219412.528984518
2016-03-29,173511.580554923
2016-03-30,142163.195741425
2016-03-31,167462.517672807
2016-04-01,282064.244461643
2016-04-02,205859.227929577
2016-04-03,151589.364051703
2016-04-04,133679.581417526
2016-04-05,99764.0862665347
2016-04-06,124990.775297099
2016-04-07,133129.91368622
2016-04-08,125854.041767678
2016-04-09,91698.306218023
2016-04-10,68352.2931961229
2016-04-11,74344.5741716383
2016-04-12,80511.814188595
2016-04-13,71794.8743467946
2016-04-14,67450.9509016715
2016-04-15,66167.1930436541
2016-04-16,68767.4619610438
2016-04-17,80779.6234776209
2016-04-18,99958.7697897905
2016-04-19,74685.0442358585
2016-04-20,52279.530965101
2016-04-21,36595.6716755707
2016-04-22,178867.116265754
2016-04-23,125206.981386028
2016-04-24,87644.8869702196
2016-04-25,61351.4208791537
2016-04-26,78709.8702681257
2016-04-27,111784.983587688
2016-04-28,194616.044511382
2016-04-29,136231.231157967
2016-04-30,326559.198958252
2016-05-01,487762.060870777
2016-05-02,519730.683409544
2016-05-03,383038.015186681
2016-05-04,274070.378630676
2016-05-05,527514.709841473
2016-05-06,369260.296889031
2016-05-07,258482.207822322
2016-05-08,180937.545475625
2016-05-09,143247.655433029
2016-05-10,209513.38600312
2016-05-11,452690.963802184
2016-05-12,528527.033861529
2016-05-13,369968.92370307
2016-05-14,278291.324525257
2016-05-15,194803.92716768
2016-05-16,136362.749017376
2016-05-17,183648.382226957
2016-05-18,136122.77395887
2016-05-19,95285.941771209
2016-05-20,366310.753022585
2016-05-21,292010.40071581
2016-05-22,212864.755701067
2016-05-23,153435.642590747
2016-05-24,107404.949813523
2016-05-25,75183.464869466
2016-05-26,72544.7017879415
2016-05-27,50781.291251559
2016-05-28,35546.9038760913
2016-05-29,152747.509244843
2016-05-30,138308.63967139
2016-05-31,96816.0477699733
2016-06-01,67771.2334389813
2016-06-02,132630.904568478
2016-06-03,104086.849997935
2016-06-04,297014.941398554
2016-06-05,231743.279778988
2016-06-06,162220.295845292
2016-06-07,113554.207091704
2016-06-08,79487.9449641929
2016-06-09,55641.561474935
2016-06-10,38949.0930324545
2016-06-11,27264.3651227182
2016-06-12,19085.0555859027
2016-06-13,13359.5389101319
2016-06-14,9351.67723709233
2016-06-15,531220.43610678
2016-06-16,594914.493274746
2016-06-17,474521.818092322
2016-06-18,332165.272664626
2016-06-19,232515.690865238
2016-06-20,162760.983605667
2016-06-21,139066.886818547
2016-06-22,103170.732772983
2016-06-23,822177.573622088
2016-06-24,726548.309535462
2016-06-25,508583.816674823
2016-06-26,356008.671672376
2016-06-27,367773.686754582
2016-06-28,257441.580728208
2016-06-29,180209.106509745
2016-06-30,126146.374556822
2016-07-01,88302.4621897752
2016-07-02,315500.493606751
2016-07-03,282483.024724726
2016-07-04,512979.010107308
2016-07-05,395366.263075116
2016-07-06,276756.384152581
2016-07-07,218856.515022571
2016-07-08,255590.9069158
2016-07-09,178913.63484106
2016-07-10,125239.544388742
2016-07-11,87667.6810721193
2016-07-12,296476.505378423
2016-07-13,216290.124164896
2016-07-14,159398.026915427
2016-07-15,111578.618840799
2016-07-16,78105.0331885594
2016-07-17,54673.5232319916
2016-07-18,38271.4662623941
2016-07-19,26790.0263836759
2016-07-20,18753.0184685731
2016-07-21,13127.1129280012
2016-07-22,12331.6911870105
2016-07-23,8632.18383090738
2016-07-24,6042.52868163517
2016-07-25,89812.7753815871
2016-07-26,90277.285967111
2016-07-27,268730.251376978
2016-07-28,601845.915963884
2016-07-29,511343.222774719
2016-07-30,357940.255942303
2016-07-31,510294.627241425
2016-08-01,401568.758268998
2016-08-02,486236.577988298
2016-08-03,721320.273391809
2016-08-04,690526.110574266
2016-08-05,700506.489401987
2016-08-06,505226.492981391
2016-08-07,387708.000286973
2016-08-08,371393.640200881
2016-08-09,388490.599340617
2016-08-10,271943.419538432
2016-08-11,190360.393676902
2016-08-12,133252.275573832
2016-08-13,101503.814338422
2016-08-14,107400.636436895
2016-08-15,325516.045505827
2016-08-16,238436.889454079
2016-08-17,176122.204217855
2016-08-18,127070.813352499
2016-08-19,134979.721346749
2016-08-20,167951.540142724
2016-08-21,160721.320499907
2016-08-22,112504.924349935
2016-08-23,78753.4470449544
2016-08-24,55127.4129314681
2016-08-25,38589.1890520277
2016-08-26,27012.4323364194
2016-08-27,18908.7026354936
2016-08-28,13236.0918448455
2016-08-29,9265.26429139184
2016-08-30,6485.68500397429
2016-08-31,239490.438724361
2016-09-01,289104.287907053
2016-09-02,202373.001534937
2016-09-03,141661.101074456
2016-09-04,99162.7707521191
2016-09-05,69413.9395264834
2016-09-06,48589.7576685384
2016-09-07,34012.8303679769
2016-09-08,23808.9812575838
2016-09-09,16666.2868803087
2016-09-10,11666.4008162161
2016-09-11,8166.48057135124
2016-09-12,5716.53639994587
2016-09-13,4001.57547996211
2016-09-14,2801.10283597348
2016-09-15,1960.77198518143
2016-09-16,1372.540389627
2016-09-17,960.778272738903
2016-09-18,76530.7675951804
2016-09-19,162562.046116626
2016-09-20,113793.432281638
2016-09-21,79655.4025971469
2016-09-22,55758.7818180028
2016-09-23,39031.147272602
2016-09-24,27321.8030908214
2016-09-25,20252.6472403625
2016-09-26,430720.354423698
2016-09-27,301504.248096589
2016-09-28,692467.991146922
2016-09-29,878933.433002846
2016-09-30,1035877.68390199
2016-10-01,725114.378731394
2016-10-02,507580.065111976
2016-10-03,355306.045578383
2016-10-04,248714.231904868
2016-10-05,174099.962333408
2016-10-06,184276.783409115
2016-10-07,1359716.56118638
2016-10-08,1448269.66083047
2016-10-09,1013788.76258133
2016-10-10,709652.133806928
2016-10-11,496756.49366485
2016-10-12,347729.545565395
2016-10-13,243410.681895776
2016-10-14,170387.477327044
2016-10-15,119271.23412893
2016-10-16,83489.8638902513
2016-10-17,58442.9047231759
2016-10-18,40910.0333062232
2016-10-19,28637.0233143562
2016-10-20,20045.9163200493
2016-10-21,53689.3438505131
2016-10-22,37582.5406953592
2016-10-23,26307.7784867514
2016-10-24,18415.444940726
2016-10-25,12890.8114585082
2016-10-26,9023.56802095573
2016-10-27,6316.49761466901
2016-10-28,4421.54833026831
2016-10-29,3095.08383118782
2016-10-30,2166.55868183147
2016-10-31,1516.59107728203
2016-11-01,1061.61375409742
2016-11-02,743.129627868195
2016-11-03,9932.27684424648
2016-11-04,6952.59379097254
2016-11-05,4866.81565368077
2016-11-06,3406.77095757654
2016-11-07,2384.73967030358
2016-11-08,1669.31776921251
2016-11-09,6932.68020225236
2016-11-10,4852.87614157665
2016-11-11,3397.01329910365
2016-11-12,2377.90930937256
2016-11-13,1664.53651656079
2016-11-14,1165.17556159255
2016-11-15,815.622893114787
2016-11-16,570.936025180351
2016-11-17,399.655217626246
2016-11-18,279.758652338372
2016-11-19,3112.98768352223
2016-11-20,2179.09137846556
2016-11-21,1525.36396492589
2016-11-22,1067.75477544812
2016-11-23,747.428342813687
2016-11-24,523.199839969581
2016-11-25,366.239887978706
2016-11-26,256.367921585095
2016-11-27,179.457545109566
2016-11-28,31984.5373339271
2016-11-29,248033.622933749
2016-11-30,412726.722053624
2016-12-01,288908.705437537
2016-12-02,202236.093806276
2016-12-03,141565.265664393
2016-12-04,219352.409987435
2016-12-05,166166.706591205
2016-12-06,690657.936623843
2016-12-07,483460.55563669
2016-12-08,338422.388945683
2016-12-09,236895.672261978
2016-12-10,165826.970583385
2016-12-11,119659.406488428
2016-12-12,134619.477856381
2016-12-13,99897.1028994668
2016-12-14,69927.9720296268
2016-12-15,48949.5804207387
2016-12-16,34264.7062945171
2016-12-17,29146.2677967362
2016-12-18,53052.7962577153
2016-12-19,37136.9573804007
2016-12-20,25995.8701662805
2016-12-21,18197.1091163964
2016-12-22,12737.9763814775
2016-12-23,14328.5453662859
2016-12-24,238884.1177564
2016-12-25,167218.88242948
2016-12-26,123843.669745486
2016-12-27,90499.5380218399
2016-12-28,127787.258615288
2016-12-29,137649.264630702
2016-12-30,96354.4852414911
2016-12-31,67448.1396690438
2017-01-01,81466.2300035126
2017-01-02,138628.956602459
2017-01-03,240393.221221721
2017-01-04,170487.687655205
2017-01-05,119341.381358643
2017-01-06,207766.273870343
2017-01-07,199481.411276369
2017-01-08,139636.987893458
2017-01-09,97745.8915254209
2017-01-10,88008.6636870287
2017-01-11,75187.082532438
2017-01-12,74590.3797574548
2017-01-13,121860.693035196
2017-01-14,121950.825941548
2017-01-15,143769.002984489
2017-01-16,109227.472974297
2017-01-17,192566.022518023
2017-01-18,142027.700081954
2017-01-19,103805.936697785
2017-01-20,230006.275300565
2017-01-21,295285.408390476
2017-01-22,498975.925243564
2017-01-23,950992.138470495
2017-01-24,665694.496929347
2017-01-25,465986.147850543
2017-01-26,330120.727244964
2017-01-27,231084.509071475
2017-01-28,161759.156350032
2017-01-29,145984.604350419
2017-01-30,103154.608645294
2017-01-31,72208.2260517055
2017-02-01,51349.0778933265
2017-02-02,37406.0509188395
2017-02-03,26184.2356431877
2017-02-04,18328.9649502314
2017-02-05,12830.275465162
2017-02-06,9622.34281656403
2017-02-07,27612.3925017277
2017-02-08,107709.230206045
2017-02-09,75396.4611442315
2017-02-10,52777.5228009621
2017-02-11,36944.2659606734
2017-02-12,25860.9861724714
2017-02-13,18102.69032073
2017-02-14,29968.739656785
2017-02-15,50082.4233597495
2017-02-16,35057.6963518247
2017-02-17,24540.3874462773
2017-02-18,17178.2712123941
2017-02-19,12024.7898486759
2017-02-20,8417.3528940731
2017-02-21,5892.14702585117
2017-02-22,86736.0988489904
2017-02-23,60715.2691942933
2017-02-24,42500.6884360053
2017-02-25,36313.3979736919
2017-02-26,25419.3785815843
2017-02-27,17793.565007109
2017-02-28,84068.3135268969
2017-03-01,158499.911468828
2017-03-02,110949.93802818
2017-03-03,77664.9566197257
2017-03-04,54365.469633808
2017-03-05,38055.8287436656
2017-03-06,26639.0801205659
2017-03-07,77259.1861044069
2017-03-08,54081.4302730848
2017-03-09,37857.0011911594
2017-03-10,26499.9008338116
2017-03-11,18549.9305836681
2017-03-12,12984.9514085677
2017-03-13,134361.363905157
2017-03-14,99857.2539336098
2017-03-15,69900.0777535269
2017-03-16,48930.0544274688
2017-03-17,158219.238584192
2017-03-18,140906.211251397
2017-03-19,105265.130781109
2017-03-20,97843.4300780341
2017-03-21,98066.6628120048
2017-03-22,68693.7920396366
2017-03-23,48085.6544277456
2017-03-24,45976.9591926274
2017-03-25,70551.3989620053
2017-03-26,126507.363744232
2017-03-27,176236.829388724
2017-03-28,230424.941040697
2017-03-29,161971.376328488
2017-03-30,121907.173029942
2017-03-31,440405.697120959
2017-04-01,308283.987984671
2017-04-02,215798.79158927
2017-04-03,427599.071974051
2017-04-04,300612.705581836
2017-04-05,325508.632307285
2017-04-06,259889.193015099
2017-04-07,182433.45751057
2017-04-08,127703.420257399
2017-04-09,89392.3941801791
2017-04-10,62574.6759261254
2017-04-11,43802.2731482878
2017-04-12,30661.5912038014
2017-04-13,21463.113842661
2017-04-14,15024.1796898627
2017-04-15,140373.791187149
2017-04-16,98261.6538310042
2017-04-17,115846.923545392
2017-04-18,94412.6616817746
2017-04-19,110940.067977242
2017-04-20,160543.91958407
2017-04-21,152583.714908849
2017-04-22,360592.784436194
2017-04-23,781350.100705336
2017-04-24,1204792.70489374
2017-04-25,899304.219025614
2017-04-26,629512.95331793
2017-04-27,491679.649845628
2017-04-28,344175.75489194
2017-04-29,240923.028424358
2017-04-30,168646.11989705
2017-05-01,182592.801018593
2017-05-02,127814.960713015
2017-05-03,89470.4724991106
2017-05-04,1053203.69961782
2017-05-05,739561.258532478
2017-05-06,520132.495372734
2017-05-07,364092.746760914
2017-05-08,254864.92273264
2017-05-09,382341.856244546
2017-05-10,268390.578571182
2017-05-11,263914.409799828
2017-05-12,550110.751659879
2017-05-13,385077.526161916
2017-05-14,273828.555978798
2017-05-15,191679.989185159
2017-05-16,134175.992429611
2017-05-17,93923.1947007278
2017-05-18,65746.2362905095
2017-05-19,63358.6056259378
2017-05-20,303326.607138156
2017-05-21,467159.36979671
2017-05-22,327485.534857697
2017-05-23,754835.674400388
2017-05-24,1122504.08168027
2017-05-25,802123.00757619
2017-05-26,561486.105303333
2017-05-27,393040.273712333
2017-05-28,275128.191598633
2017-05-29,192589.734119043
2017-05-30,134812.81388333
2017-05-31,136578.123510653
2017-06-01,95985.5016574574
2017-06-02,67189.8511602202
2017-06-03,47032.8958121541
2017-06-04,144804.071374775
2017-06-05,345653.893962342
2017-06-06,241957.72577364
2017-06-07,186302.998712014
2017-06-08,130412.09909841
2017-06-09,91288.4693688867
2017-06-10,63901.9285582207
2017-06-11,44731.3499907545
2017-06-12,31311.9449935281
2017-06-13,200312.896650748
2017-06-14,239366.634855524
2017-06-15,633595.997998867
2017-06-16,597933.683009207
2017-06-17,608567.832506445
2017-06-18,430378.219554511
2017-06-19,481092.337688158
2017-06-20,336764.636381711
2017-06-21,235735.245467197
2017-06-22,191200.724628609
2017-06-23,174273.384040026
2017-06-24,121991.368828018
2017-06-25,85393.9581796128
2017-06-26,59775.7707257289
2017-06-27,41843.0395080103
2017-06-28,29290.1276556072
2017-06-29,20503.089358925
2017-06-30,16294.2529865339
2017-07-01,11405.9770905737
2017-07-02,7984.18396340162
2017-07-03,5588.92877438114
2017-07-04,77472.1698207113
2017-07-05,182573.413274498
2017-07-06,160345.562773149
2017-07-07,115538.478741204
2017-07-08,80876.9351188428
2017-07-09,56613.8545831899
2017-07-10,39629.698208233
2017-07-11,27740.7887457631
2017-07-12,19418.5521220342
2017-07-13,64396.9144891577
2017-07-14,45077.8401424104
2017-07-15,31554.4880996873
2017-07-16,22088.1416697811
2017-07-17,15461.6991688468
2017-07-18,229198.332232422
2017-07-19,160438.832562696
2017-07-20,112307.182793887
2017-07-21,78615.0279557208
2017-07-22,55030.5195690046
2017-07-23,520500.943222584
2017-07-24,364350.660255809
2017-07-25,255045.462179066
2017-07-26,178531.823525346
2017-07-27,153229.990081777
2017-07-28,213786.826657244
2017-07-29,171949.987460071
2017-07-30,120364.99122205
2017-07-31,84255.4938554347
2017-08-01,58978.8456988043
2017-08-02,172708.45869021
2017-08-03,123904.306683147
2017-08-04,108629.071478203
2017-08-05,76040.350034742
2017-08-06,53228.2450243194
2017-08-07,366449.001151209
2017-08-08,256514.300805846
2017-08-09,179560.010564092
2017-08-10,125692.007394865
2017-08-11,111739.298858065
2017-08-12,86211.3596006453
2017-08-13,60347.9517204517
2017-08-14,60944.1455135759
2017-08-15,63923.9017405031
2017-08-16,44746.7312183522
2017-08-17,67395.3799804149
2017-08-18,47716.1179862904
2017-08-19,33401.2825904033
2017-08-20,23380.8978132823
2017-08-21,106053.446165916
2017-08-22,74237.4123161412
2017-08-23,51966.1886212989
2017-08-24,36376.3320349092
2017-08-25,25463.4324244364
2017-08-26,17824.4026971055
2017-08-27,13061.5078614388
2017-08-28,9143.05550300713
2017-08-29,188479.881216454
2017-08-30,157533.889651518
2017-08-31,110273.722756062
2017-09-01,513500.9269822
2017-09-02,414928.17768754
2017-09-03,290449.724381278
2017-09-04,203314.807066895
2017-09-05,179804.792489747
2017-09-06,373456.431542823
2017-09-07,261419.502079976
2017-09-08,182993.651455983
2017-09-09,128095.556019188
2017-09-10,89666.8892134318
2017-09-11,71596.0363501773
2017-09-12,485428.224645124
2017-09-13,339799.757251587
2017-09-14,246380.907515204
2017-09-15,172466.635260643
2017-09-16,120726.64468245
2017-09-17,88176.6495526573
2017-09-18,61723.6546868601
2017-09-19,43206.5582808021
2017-09-20,54977.9438759167
2017-09-21,38484.5607131417
2017-09-22,26939.1924991992
2017-09-23,18857.4347494394
2017-09-24,13200.2043246076
2017-09-25,9240.14302722531
2017-09-26,6468.10011905772
2017-09-27,4527.6700833404
2017-09-28,3169.36905833828
2017-09-29,2218.5583408368
2017-09-30,1552.99083858576
2017-10-01,1087.09358701003
2017-10-02,760.965510907022
2017-10-03,532.675857634915
2017-10-04,372.873100344441
2017-10-05,261.011170241108
2017-10-06,182.707819168776
2017-10-07,13926.2274607706
2017-10-08,518006.048271935
2017-10-09,468388.049790354
2017-10-10,600010.675653248
2017-10-11,456128.802557274
2017-10-12,359708.873790091
2017-10-13,265131.281253064
2017-10-14,185591.896877145
2017-10-15,137509.727598981
2017-10-16,101715.160519287
2017-10-17,71200.6123635006
2017-10-18,49840.4286544505
2017-10-19,34888.3000581153
2017-10-20,24421.8100406807
2017-10-21,17095.2670284765
2017-10-22,11966.6869199336
2017-10-23,699854.562083901
2017-10-24,489898.193458731
2017-10-25,343555.684848646
2017-10-26,240488.979394053
2017-10-27,168342.285575837
2017-10-28,251487.477281961
2017-10-29,293224.990097373
2017-10-30,205257.493068161
2017-10-31,143680.245147713
2017-11-01,100576.171603399
2017-11-02,70403.3201223792
2017-11-03,72340.3663989333
2017-11-04,154883.829679253
2017-11-05,108418.680775477
2017-11-06,89275.761789964
2017-11-07,87668.5136529748
2017-11-08,106794.473157082
2017-11-09,107718.438009958
2017-11-10,75402.9066069704
2017-11-11,52782.0346248793
2017-11-12,85457.0023403547
2017-11-13,59819.9016382483
2017-11-14,41873.9311467738
2017-11-15,29311.7518027417
2017-11-16,20518.2262619192
2017-11-17,14362.7583833434
2017-11-18,41989.4629437498
2017-11-19,29392.6240606249
2017-11-20,20574.8368424374
2017-11-21,14402.3857897062
2017-11-22,10081.6700527943
2017-11-23,7057.16903695603
2017-11-24,4940.01832586922
2017-11-25,3458.01282810846
2017-11-26,2420.60897967592
2017-11-27,1694.42628577314
2017-11-28,1186.0984000412
2017-11-29,830.26888002884
2017-11-30,581.188216020188
2017-12-01,406.831751214132
2017-12-02,284.782225849892
2017-12-03,199.347558094925
2017-12-04,139.543290666447
2017-12-05,31442.0507954599
2017-12-06,22009.4355568219
2017-12-07,15406.6048897753
2017-12-08,14322.9793857879
2017-12-09,84402.7263700515
2017-12-10,59081.9084590361
2017-12-11,41357.3359213252
2017-12-12,36592.8710364174
2017-12-13,25615.0097254922
2017-12-14,17930.5068078445
2017-12-15,12551.3547654912
2017-12-16,8785.94833584382
2017-12-17,23865.5208717124
2017-12-18,25819.2077232226
2017-12-19,34303.9742240023
2017-12-20,32924.1039772517
2017-12-21,23662.3538691878
2017-12-22,38950.72487173
2017-12-23,112743.568757901
2017-12-24,93366.8458294076
2017-12-25,65356.7920805853
2017-12-26,45749.7544564097
2017-12-27,32024.8281194868
2017-12-28,22417.3796836408
2017-12-29,15692.1657785485
2017-12-30,10984.516044984
2017-12-31,7711.67017337282
2018-01-01,5398.16912136098
2018-01-02,3778.71838495268
2018-01-03,2645.10286946688
2018-01-04,1851.57200862682
2018-01-05,1296.10040603877
2018-01-06,907.27028422714
2018-01-07,635.089198958998
2018-01-08,38353.9463344355
2018-01-09,26847.7624341048
2018-01-10,22385.4498067345
2018-01-11,255678.594010693
2018-01-12,400479.56763388
2018-01-13,280335.697343716
2018-01-14,196234.988140601
2018-01-15,137364.491698421
2018-01-16,102572.993040839
2018-01-17,142761.771684922
2018-01-18,99933.2401794454
2018-01-19,69953.2681256118
2018-01-20,48967.2876879282
2018-01-21,38589.3237837112
2018-01-22,174710.790741012
2018-01-23,126491.260777582
2018-01-24,88543.8825443073
2018-01-25,61980.7177810151
2018-01-26,43386.5024467106
2018-01-27,49764.5590773069
2018-01-28,302310.271498384
2018-01-29,252897.775648869
2018-01-30,177028.442954208
2018-01-31,123919.910067946
2018-02-01,98921.8579005774
2018-02-02,69245.3005304042
2018-02-03,48471.7103712829
2018-02-04,388996.642702623
2018-02-05,272297.649891836
2018-02-06,280672.100502354
2018-02-07,510512.46258012
2018-02-08,357358.723806084
2018-02-09,250151.106664259
2018-02-10,795930.03958289
2018-02-11,867781.122404829
2018-02-12,620064.182172272
2018-02-13,458692.496720591
2018-02-14,330308.629302617
2018-02-15,263874.409003419
2018-02-16,224749.785943339
2018-02-17,204254.93138934
2018-02-18,186731.637718549
2018-02-19,186094.974269
2018-02-20,167703.798245545
2018-02-21,164318.720994613
2018-02-22,156620.959217291
2018-02-23,111935.458830343
2018-02-24,84031.6371812403
2018-02-25,89023.6788268682
2018-02-26,72551.7327788078
2018-02-27,50786.2129451654
2018-02-28,45326.0992557202
2018-03-01,182860.147879004
2018-03-02,128002.103515303
2018-03-03,89601.4724607121
2018-03-04,62721.0307224984
2018-03-05,43904.7215057489
2018-03-06,30733.3050540242
2018-03-07,32320.6739771322
2018-03-08,26787.8333839925
2018-03-09,18751.4833687948
2018-03-10,22804.2269945294
2018-03-11,35467.8884961706
2018-03-12,205286.529147319
2018-03-13,154658.473507285
2018-03-14,108260.931455099
2018-03-15,75782.6520185696
2018-03-16,53047.8564129987
2018-03-17,254413.556953856
2018-03-18,193316.76409619
2018-03-19,410685.619374471
2018-03-20,523714.731556786
2018-03-21,439536.50168975
2018-03-22,307675.551182825
2018-03-23,215372.885827978
2018-03-24,353717.814623714
2018-03-25,253139.503690201
2018-03-26,179573.970050225
2018-03-27,201786.367835158
2018-03-28,149981.725691459
2018-03-29,172838.941261386
2018-03-30,141127.040315496
2018-03-31,109867.690868453
2018-04-01,100480.484100696
2018-04-02,144357.261596596
2018-04-03,136896.449028473
2018-04-04,117457.313282356
2018-04-05,89622.1664525822
2018-04-06,94210.9618191258
2018-04-07,114744.319673388
2018-04-08,80321.0237713716
2018-04-09,68548.2887665712
2018-04-10,47983.8021365999
2018-04-11,33588.6614956199
2018-04-12,23512.0630469339
2018-04-13,16458.4441328538
2018-04-14,11520.9108929976
2018-04-15,693340.178527592
2018-04-16,491610.407369315
2018-04-17,344127.28515852
2018-04-18,240889.099610964
2018-04-19,168622.369727675
2018-04-20,118035.658809372
2018-04-21,82624.9611665607
2018-04-22,57837.4728165925
2018-04-23,414433.789046848
2018-04-24,1110710.28673279
2018-04-25,903280.624712955
2018-04-26,744373.238099069
2018-04-27,521061.266669348
2018-04-28,364742.886668544
2018-04-29,255320.020667981
2018-04-30,178724.014467586
2018-05-01,125106.810127311
2018-05-02,87574.7670891174
2018-05-03,61302.3369623821
2018-05-04,42911.6358736675
2018-05-05,31006.548394741
2018-05-06,65326.5874089233
2018-05-07,47835.3527862463
2018-05-08,33484.7469503724
2018-05-09,23439.3228652607
2018-05-10,34069.4294689595
2018-05-11,23848.6006282717
2018-05-12,16694.0204397902
2018-05-13,11685.8143078531
2018-05-14,11040.380226432
2018-05-15,403497.344888054
2018-05-16,606910.863821638
2018-05-17,758123.363075147
2018-05-18,760174.637352603
2018-05-19,591527.238146822
2018-05-20,414069.066702775
2018-05-21,354979.987902448
2018-05-22,381079.960331714
2018-05-23,266755.9722322
2018-05-24,186729.18056254
2018-05-25,130710.426393778
2018-05-26,246741.741496464
2018-05-27,281760.394247525
2018-05-28,225326.522373267
2018-05-29,239638.700861287
2018-05-30,246420.024202901
2018-05-31,269423.198542031
2018-06-01,188596.238979422
2018-06-02,143364.832367866
2018-06-03,107115.261057506
2018-06-04,74980.6827402541
2018-06-05,52486.4779181779
2018-06-06,36740.5345427245
2018-06-07,25718.3741799072
2018-06-08,18002.861925935
2018-06-09,26180.7940776881
2018-06-10,215644.208357685
2018-06-11,185930.91945038
2018-06-12,130151.643615266
2018-06-13,120118.421552689
2018-06-14,84082.895086882
2018-06-15,58858.0265608174
2018-06-16,41200.6185925722
2018-06-17,93943.7115188503
2018-06-18,65760.5980631952
2018-06-19,51814.7232942293
2018-06-20,36270.3063059605
2018-06-21,76594.9723031792
2018-06-22,100557.538212225
2018-06-23,75042.3239485578
2018-06-24,54903.8651639905
2018-06-25,103499.804014793
2018-06-26,257532.042810355
2018-06-27,197943.017967249
2018-06-28,141904.639777074
2018-06-29,99333.2478439519
2018-06-30,69533.2734907663
2018-07-01,54978.8581077814
2018-07-02,93648.9246754469
2018-07-03,65554.2472728129
2018-07-04,52767.28285737
2018-07-05,129275.794800159
2018-07-06,395226.936360111
2018-07-07,276658.855452078
2018-07-08,193661.198816455
2018-07-09,135562.839171518
2018-07-10,94893.9874200627
2018-07-11,108705.697130181
2018-07-12,76093.9879911266
2018-07-13,53265.7915937886
2018-07-14,37286.054115652
2018-07-15,26773.9733752253
2018-07-16,115659.877709866
2018-07-17,123856.197596906
2018-07-18,86699.3383178345
2018-07-19,60689.5368224842
2018-07-20,42482.6757757389
2018-07-21,234267.045456024
2018-07-22,346007.335819217
2018-07-23,458232.499873452
2018-07-24,479408.509911416
2018-07-25,596705.872937991
2018-07-26,417694.111056594
2018-07-27,295870.122062875
2018-07-28,207109.085444012
2018-07-29,228139.365687169
2018-07-30,235584.382381018
2018-07-31,210684.253266713
2018-08-01,324033.947686699
2018-08-02,436012.798580689
2018-08-03,363189.843806483
2018-08-04,254232.890664538
2018-08-05,177963.023465176
2018-08-06,135308.57435988
2018-08-07,118899.129251916
2018-08-08,111179.809676341
2018-08-09,77825.8667734387
2018-08-10,83369.0227173901
2018-08-11,62808.7871021731
2018-08-12,67502.6005715212
2018-08-13,57291.9396000648
2018-08-14,41186.8753200454
2018-08-15,28830.8127240318
2018-08-16,20181.5689068222
2018-08-17,15731.8489117594
2018-08-18,148196.946124195
2018-08-19,179759.799086937
2018-08-20,137478.048960856
2018-08-21,505681.798272599
2018-08-22,353977.258790819
2018-08-23,247784.081153573
2018-08-24,173448.856807501
2018-08-25,121414.199765251
2018-08-26,96029.3564282354
2018-08-27,68230.0638997648
2018-08-28,52950.8095298353
2018-08-29,37065.5666708847
2018-08-30,96093.2631926005
2018-08-31,73193.2530348204
2018-09-01,103865.681124374
2018-09-02,72705.976787062
2018-09-03,50894.1837509434
2018-09-04,35625.9286256604
2018-09-05,24938.1500379623
2018-09-06,22605.3373065584
2018-09-07,15823.7361145909
2018-09-08,299514.474127944
2018-09-09,376221.29108956
2018-09-10,273715.910162692
2018-09-11,664305.573913885
2018-09-12,502028.703339719
2018-09-13,360605.420337803
2018-09-14,359456.298646462
2018-09-15,402867.329852524
2018-09-16,1563001.09810677
2018-09-17,1153219.74067474
2018-09-18,839220.503272316
2018-09-19,587454.352290621
2018-09-20,411373.995102311
2018-09-21,287961.796571618
2018-09-22,1159199.45922092
2018-09-23,822516.495054645
2018-09-24,630070.479338251
2018-09-25,461560.510736776
2018-09-26,330750.066315743
2018-09-27,725119.29442102
2018-09-28,509573.660494714
2018-09-29,356701.5623463
2018-09-30,249691.09364241
2018-10-01,174783.765549687
2018-10-02,160870.502752091
2018-10-03,113263.111926463
2018-10-04,79284.1783485244
2018-10-05,84569.3889388838
2018-10-06,59328.7794572187
2018-10-07,99422.2280200531
2018-10-08,69595.5596140372
2018-10-09,105821.349439521
2018-10-10,573464.775007665
2018-10-11,1381318.97331537
2018-10-12,969921.315720756
2018-10-13,678944.921004529
2018-10-14,506876.264262756
2018-10-15,384934.28738393
2018-10-16,309052.789168751
2018-10-17,216336.952418125
2018-10-18,151435.866692688
2018-10-19,106286.859703058
2018-10-20,74400.8017921402
2018-10-21,52080.5612544982
2018-10-22,36456.3928781487
2018-10-23,25519.4750147041
2018-10-24,17863.6325102929
2018-10-25,12504.542757205
2018-10-26,405333.075982199
2018-10-27,288085.56038754
2018-10-28,253819.589071278
2018-10-29,177673.712349894
2018-10-30,124371.598644926
2018-10-31,87060.1190514483
2018-11-01,78009.3599555479
2018-11-02,243222.849568883
2018-11-03,170255.994698218
2018-11-04,140370.289498784
2018-11-05,104646.437849149
2018-11-06,142608.815294404
2018-11-07,99826.1707060829
2018-11-08,91063.1536980052
2018-11-09,190604.157069604
2018-11-10,133422.909948723
2018-11-11,93396.0369641058
2018-11-12,528017.72590619
2018-11-13,383686.498934333
2018-11-14,320233.854454033
2018-11-15,813982.708808823
2018-11-16,569787.896166176
2018-11-17,398851.527316323
2018-11-18,279196.069121426
2018-11-19,207084.032551483
2018-11-20,144958.822786038
2018-11-21,101471.175950227
2018-11-22,71029.8231651586
2018-11-23,49720.876215611
2018-11-24,423436.806279482
2018-11-25,302564.345974877
2018-11-26,211795.042182414
2018-11-27,148256.52952769
2018-11-28,103779.570669383
2018-11-29,74071.4547322096
2018-11-30,150124.850149399
2018-12-01,224033.29732899
2018-12-02,178421.73215045
2018-12-03,128798.089759232
2018-12-04,91510.0392314621
2018-12-05,64057.0274620235
2018-12-06,44839.9192234164
2018-12-07,31387.9434563915
2018-12-08,27043.410829817
2018-12-09,102414.202335179
2018-12-10,71689.9416346256
2018-12-11,50182.9591442379
2018-12-12,35128.0714009665
2018-12-13,24589.6499806766
2018-12-14,172480.81243979
2018-12-15,348550.003927625
2018-12-16,280897.167396569
2018-12-17,196858.686313487
2018-12-18,137801.080419441
2018-12-19,96460.7562936086
2018-12-20,706459.490372677
2018-12-21,680711.772490314
2018-12-22,476498.24074322
2018-12-23,333548.768520254
2018-12-24,233484.137964178
2018-12-25,163438.896574925
2018-12-26,114407.227602447
2018-12-27,282071.809651028
2018-12-28,696570.424726036
2018-12-29,498920.757923895
2018-12-30,360143.370393462
2018-12-31,303468.93125075
2019-01-01,230989.632341872
2019-01-02,252380.740009676
2019-01-03,202734.848554612
2019-01-04,282735.917867685
2019-01-05,215669.184617983
2019-01-06,157561.427443532
2019-01-07,115891.126562396
2019-01-08,91211.2340216767
2019-01-09,63847.8638151737
2019-01-10,44693.5046706216
2019-01-11,31285.4532694351
2019-01-12,200309.862274027
2019-01-13,211606.077023409
2019-01-14,148219.071574628
2019-01-15,103753.35010224
2019-01-16,72627.3450715677
2019-01-17,82709.3958689951
2019-01-18,64915.036313079
2019-01-19,347343.865124899
2019-01-20,243758.508787429
2019-01-21,170630.9561512
2019-01-22,119441.66930584
2019-01-23,249802.032838513
2019-01-24,243159.184705959
2019-01-25,170211.429294171
2019-01-26,119148.00050592
2019-01-27,83403.6003541439
2019-01-28,58382.5202479007
2019-01-29,60334.7306503378
2019-01-30,42234.3114552364
2019-01-31,29564.0180186655
2019-02-01,21169.9085359931
2019-02-02,14818.9359751952
2019-02-03,12209.9266759145
2019-02-04,24215.5259627275
2019-02-05,42100.0710293646
2019-02-06,68685.4066344019
2019-02-07,148920.83266202
2019-02-08,105308.512940456
2019-02-09,73715.959058319
2019-02-10,141982.092794193
2019-02-11,229383.981223438
2019-02-12,301619.552655126
2019-02-13,211133.686858588
2019-02-14,147793.580801012
2019-02-15,114174.197650143
2019-02-16,225533.650918369
2019-02-17,448093.149166858
2019-02-18,313665.204416801
2019-02-19,429051.678660985
2019-02-20,596577.170586689
2019-02-21,458139.680186593
2019-02-22,815179.607457233
2019-02-23,964533.578960373
2019-02-24,734376.707695936
2019-02-25,514063.695387155
2019-02-26,360638.729100215
2019-02-27,253996.948855446
2019-02-28,251410.875214983
2019-03-01,445728.019022016
2019-03-02,319658.939704149
2019-03-03,449113.101701356
2019-03-04,314379.17119095
2019-03-05,220065.419833665
2019-03-06,154045.793883565
2019-03-07,107832.055718496
2019-03-08,127797.47237284
2019-03-09,219399.015237945
2019-03-10,179765.274948004
2019-03-11,136257.778321955
2019-03-12,102779.155103507
2019-03-13,83052.4095916129
2019-03-14,80568.6665766772
2019-03-15,80702.4186523628
2019-03-16,61305.8065906016
2019-03-17,47967.0509951619
2019-03-18,38206.7322538696
2019-03-19,29672.4061706596
2019-03-20,60033.5963095295
2019-03-21,60363.9226294137
2019-03-22,48594.3176693365
2019-03-23,39780.8404964209
2019-03-24,41321.4972041202
2019-03-25,121123.764907256
2019-03-26,91877.7675112501
2019-03-27,69690.6153430432
2019-03-28,60836.3536640186
2019-03-29,68745.7916559892
2019-03-30,96129.5973703667
2019-03-31,75018.9878269631
2019-04-01,57144.9973410285
2019-04-02,47648.3224237969
2019-04-03,51365.4506094041
2019-04-04,70786.2857360958
2019-04-05,320749.40967761
2019-04-06,258583.135045837
2019-04-07,248403.666003131
2019-04-08,469294.774520044
2019-04-09,368862.246367101
2019-04-10,295126.811738833
2019-04-11,246430.395604098
2019-04-12,351419.27967749
2019-04-13,321947.2750433
2019-04-14,955976.986196877
2019-04-15,669183.890337814
2019-04-16,468428.72323647
2019-04-17,327900.106265529
2019-04-18,239574.394155351
2019-04-19,675189.816913746
2019-04-20,483983.235039622
2019-04-21,338788.264527736
2019-04-22,237151.785169415
2019-04-23,166006.24961859
2019-04-24,116204.374733013
2019-04-25,87371.152652278
2019-04-26,137588.260217308
2019-04-27,96311.7821521158
2019-04-28,67418.2475064811
2019-04-29,47192.7732545368
2019-04-30,33034.9412781757
2019-05-01,23124.458894723
2019-05-02,33009.6367211576
2019-05-03,266554.44475281
2019-05-04,245888.507174967
2019-05-05,252209.734222477
2019-05-06,176546.813955734
2019-05-07,174270.24151371
2019-05-08,121989.169059597
2019-05-09,85392.4183417181
2019-05-10,59774.6928392027
2019-05-11,176085.838943388
2019-05-12,270905.242936372
2019-05-13,200568.89633646
2019-05-14,140398.227435522
2019-05-15,98278.7592048655
2019-05-16,68795.1314434059
2019-05-17,63397.9383737378
2019-05-18,47507.3432616165
2019-05-19,33255.1402831315
2019-05-20,23278.5981981921
2019-05-21,16295.0187387345
2019-05-22,11406.5131171141
2019-05-23,7984.55918197988
2019-05-24,5589.19142738592
2019-05-25,50364.2693026558
2019-05-26,127719.534111859
2019-05-27,89403.6738783013
2019-05-28,62582.5717148109
2019-05-29,132184.843310938
2019-05-30,92529.3903176564
2019-05-31,207508.276770322
2019-06-01,145255.793739225
2019-06-02,101679.055617458
2019-06-03,71175.3389322203
2019-06-04,49822.7372525542
2019-06-05,34875.9160767879
2019-06-06,61272.1215620389
2019-06-07,656986.862488427
2019-06-08,1482449.3637619
2019-06-09,1165414.58571433
2019-06-10,1030586.86819503
2019-06-11,721410.807736521
2019-06-12,564688.916598763
2019-06-13,395282.241619134
2019-06-14,276697.569133394
2019-06-15,193688.298393376
2019-06-16,164938.878978009
2019-06-17,194395.465803606
2019-06-18,235208.634743524
2019-06-19,194226.504439467
2019-06-20,135958.553107627
2019-06-21,95764.7804047474
2019-06-22,67035.3462833232
2019-06-23,46924.7423983262
2019-06-24,135195.116140719
2019-06-25,94636.5812985035
2019-06-26,66245.6069089525
2019-06-27,46371.9248362667
2019-06-28,32460.3473853867
2019-06-29,98859.375517451
2019-06-30,69201.5628622157
2019-07-01,48441.094003551
2019-07-02,41257.8452668144
2019-07-03,28880.4916867701
2019-07-04,262899.184395964
2019-07-05,199305.621077175
2019-07-06,154321.598754023
2019-07-07,186658.283689816
2019-07-08,138466.148182871
2019-07-09,96926.3037280098
2019-07-10,67848.4126096068
2019-07-11,66801.8462805149
2019-07-12,46761.2923963604
2019-07-13,32732.9046774523
2019-07-14,22913.0332742166
2019-07-15,52929.6196758139
2019-07-16,37050.7337730698
2019-07-17,40176.5073242757
2019-07-18,28792.569526993
2019-07-19,20154.7986688951
2019-07-20,14108.3590682266
2019-07-21,618741.98186996
2019-07-22,610983.512108972
2019-07-23,729009.70855228
2019-07-24,510306.795986596
2019-07-25,357214.757190617
2019-07-26,250050.330033432
2019-07-27,175035.231023403
2019-07-28,122524.661716382
2019-07-29,108071.085638043
2019-07-30,225451.78086563
2019-07-31,157816.246605941
2019-08-01,192006.27162106
2019-08-02,134404.390134742
2019-08-03,99502.6308746816
2019-08-04,69651.8416122771
2019-08-05,67904.96109683
2019-08-06,47533.472767781
2019-08-07,33273.4309374467
2019-08-08,23291.4016562127
2019-08-09,16303.9811593489
2019-08-10,11412.7868115442
2019-08-11,7988.95076808095
2019-08-12,5592.26553765667
2019-08-13,12095.3566934856
2019-08-14,8466.74968543994
2019-08-15,72599.9856161853
2019-08-16,262165.88152133
2019-08-17,183516.117064931
2019-08-18,155008.701319428
2019-08-19,108506.0909236
2019-08-20,104073.202929342
2019-08-21,72861.0484505393
2019-08-22,203119.610034378
2019-08-23,599792.295176064
2019-08-24,419854.606623245
2019-08-25,293898.224636271
2019-08-26,209349.352344214
2019-08-27,198038.599442076
2019-08-28,138627.019609453
2019-08-29,97038.913726617
2019-08-30,67927.2396086319
2019-08-31,47549.0677260424
2019-09-01,33284.3474082296
2019-09-02,36705.0351354971
2019-09-03,25693.524594848
2019-09-04,17985.4672163936
2019-09-05,12589.8270514755
2019-09-06,8812.87893603286
2019-09-07,6169.015255223
2019-09-08,4318.3106786561
2019-09-09,3022.81747505927
2019-09-10,2115.97223254149
2019-09-11,191193.94643916
2019-09-12,138808.696907412
2019-09-13,97166.0878351885
2019-09-14,107293.723399138
2019-09-15,75105.6063793966
2019-09-16,52573.9244655776
2019-09-17,36801.7471259043
2019-09-18,25761.222988133
2019-09-19,18032.8560916931
2019-09-20,12622.9992641852
2019-09-21,8836.09948492963
2019-09-22,6185.26963945074
2019-09-23,4329.68874761552
2019-09-24,3030.78212333086
2019-09-25,2121.5474863316
2019-09-26,1485.08324043212
2019-09-27,1039.55826830249
2019-09-28,133571.811765084
2019-09-29,103004.304235559
2019-09-30,94035.0265648911
2019-10-01,65824.5185954238
2019-10-02,46077.1630167966
2019-10-03,32254.0141117577
2019-10-04,22577.8098782304
2019-10-05,58550.1924172858
2019-10-06,40985.1346921
2019-10-07,81840.8410714365
2019-10-08,216845.801874006
2019-10-09,151792.061311804
2019-10-10,106254.442918263
2019-10-11,74378.1100427839
2019-10-12,52064.6770299487
2019-10-13,36445.2739209641
2019-10-14,25511.6917446749
2019-10-15,19823.1640244687
2019-10-16,435784.599243594
2019-10-17,305049.219470516
2019-10-18,213534.453629361
2019-10-19,650401.071694117
2019-10-20,713439.138833882
2019-10-21,504344.374783717
2019-10-22,532057.437105602
2019-10-23,372440.205973921
2019-10-24,260708.144181745
2019-10-25,182495.700927221
2019-10-26,198832.812810411
2019-10-27,333174.807486288
2019-10-28,233222.365240401
2019-10-29,163255.655668281
2019-10-30,298682.470385562
2019-10-31,290672.976198893
2019-11-01,203471.083339225
2019-11-02,142429.758337458
2019-11-03,99700.8308362204
2019-11-04,69790.5815853543
2019-11-05,48853.407109748
2019-11-06,34197.3849768236
2019-11-07,23938.1694837765
2019-11-08,16756.7186386436
2019-11-09,11729.7030470505
2019-11-10,8210.79213293535
2019-11-11,29653.0908698791
2019-11-12,21725.2732089154
2019-11-13,15207.6912462408
2019-11-14,10645.3838723685
2019-11-15,9175.90786404582
2019-11-16,6423.13550483208
2019-11-17,4496.19485338245
2019-11-18,45830.258082862
2019-11-19,32081.1806580034
2019-11-20,22456.8264606024
2019-11-21,15719.7785224217
2019-11-22,16431.9621051353
2019-11-23,236277.316749595
2019-11-24,165394.121724716
2019-11-25,115775.885207301
2019-11-26,90122.6296063185
2019-11-27,135916.882562423
2019-11-28,95141.817793696
2019-11-29,66599.2724555872
2019-11-30,298336.700113911
2019-12-01,535679.996145738
2019-12-02,374975.997302016
2019-12-03,262483.198111411
2019-12-04,183738.238677988
2019-12-05,128616.767074592
2019-12-06,90031.7369522141
2019-12-07,63022.2158665499
2019-12-08,48953.1001462532
2019-12-09,222195.011598845
2019-12-10,200032.230919192
2019-12-11,140022.561643434
2019-12-12,114655.225717004
2019-12-13,268266.610341689
2019-12-14,332494.849738506
2019-12-15,239061.447465057
2019-12-16,188626.082239193
2019-12-17,150124.930253292
2019-12-18,105087.451177304
2019-12-19,73561.215824113
2019-12-20,51492.8510768791
2019-12-21,36044.9957538154
2019-12-22,25231.4970276708
2019-12-23,25425.447122137
2019-12-24,23148.1494066238
2019-12-25,16366.454079534
2019-12-26,22780.3500821888
2019-12-27,29567.8118095028
2019-12-28,41623.3367696274
2019-12-29,130804.312969899
2019-12-30,111430.535203504
2019-12-31,85723.4570598762
2020-01-01,60006.4199419134
2020-01-02,49709.3714625116
2020-01-03,191062.336388432
2020-01-04,176329.821476341
2020-01-05,123430.875033439
2020-01-06,86401.6125234071
2020-01-07,137576.616091178
2020-01-08,96303.6312638245
2020-01-09,67412.5418846771
2020-01-10,59502.4570888605
2020-01-11,422879.90274361
2020-01-12,350473.997320758
2020-01-13,245331.79812453
2020-01-14,240214.877663906
2020-01-15,168150.414364734
2020-01-16,117705.290055314
2020-01-17,82393.7030387197
2020-01-18,118916.949758899
2020-01-19,83241.8648312296
2020-01-20,58269.3053818607
2020-01-21,40788.5137673025
2020-01-22,28551.9596371118
2020-01-23,19986.3717459782
2020-01-24,681476.508329256
2020-01-25,499343.295778728
2020-01-26,349540.30704511
2020-01-27,244678.214931577
2020-01-28,171274.750452104
2020-01-29,119892.325316473
2020-01-30,83924.6277215308
2020-01-31,65331.6325530608
2020-02-01,51966.5994437015
2020-02-02,40301.0679622165
2020-02-03,43156.964358752
2020-02-04,38461.1356631844
2020-02-05,241404.014947633
2020-02-06,886824.369335703
2020-02-07,793504.811660889
2020-02-08,555453.368162622
2020-02-09,388817.357713836
2020-02-10,391188.065121912
2020-02-11,356326.350790985
2020-02-12,298280.389480867
2020-02-13,400511.939202598
2020-02-14,280358.357441818
2020-02-15,196250.850209273
2020-02-16,137375.595146491
2020-02-17,96162.9166025437
2020-02-18,100777.951098058
2020-02-19,70544.5657686405
2020-02-20,52380.5505639132
2020-02-21,36666.3853947392
2020-02-22,25666.4697763175
2020-02-23,17966.5288434222
2020-02-24,20994.3461757246
2020-02-25,79993.5898150807
2020-02-26,78432.0120319925
2020-02-27,80186.0319684229
2020-02-28,56130.222377896
2020-02-29,51049.5624394316
2020-03-01,35734.6937076021
2020-03-02,25128.2355063896
2020-03-03,99963.8815769731
2020-03-04,69974.7171038812
2020-03-05,48982.3019727168
2020-03-06,43726.9425820179
2020-03-07,30608.8598074125
2020-03-08,21426.2018651888
2020-03-09,14998.3413056321
2020-03-10,22080.4842077953
2020-03-11,15456.3389454567
2020-03-12,15999.3744595183
2020-03-13,209329.159900507
2020-03-14,230442.687010726
2020-03-15,191565.893649837
2020-03-16,134517.800803265
2020-03-17,97321.2111126983
2020-03-18,140564.181650042
2020-03-19,121111.452213484
2020-03-20,108258.896332075
2020-03-21,96048.8769185711
2020-03-22,67300.6794153331
2020-03-23,163777.762704704
2020-03-24,252615.034649803
2020-03-25,416550.152987177
2020-03-26,291585.107091024
2020-03-27,204109.574963717
2020-03-28,142876.702474602
2020-03-29,100013.691732221
2020-03-30,70009.5842125548
2020-03-31,324710.10804793
2020-04-01,236636.037464169
2020-04-02,165645.226224918
2020-04-03,115951.658357443
2020-04-04,81166.1608502099
2020-04-05,56816.3125951469
2020-04-06,39771.4188166029
2020-04-07,42496.0325349153
2020-04-08,61262.2689346297
2020-04-09,71814.1020657396
2020-04-10,51017.33706706
2020-04-11,35712.135946942
2020-04-12,239100.520521391
2020-04-13,1069702.44925536
2020-04-14,757422.98124172
2020-04-15,573410.167115788
2020-04-16,401387.116981052
2020-04-17,280970.981886736
2020-04-18,237523.415498705
2020-04-19,166266.390849093
2020-04-20,263532.67133686
2020-04-21,184472.869935802
2020-04-22,129131.008955062
2020-04-23,162149.09959666
2020-04-24,182966.370550851
2020-04-25,337691.530452
2020-04-26,273150.989598702
2020-04-27,191205.692719091
2020-04-28,133843.984903364
2020-04-29,189910.683501395
2020-04-30,769968.31514356
2020-05-01,538977.820600492
2020-05-02,377284.474420345
2020-05-03,278104.666059917
2020-05-04,213484.665555141
2020-05-05,256470.944670878
2020-05-06,179529.661269615
2020-05-07,125670.76288873
2020-05-08,113592.853981053
2020-05-09,79514.9977867371
2020-05-10,55660.498450716
2020-05-11,38962.3489155012
2020-05-12,27273.6442408508
2020-05-13,19091.5509685956
2020-05-14,44569.9035400526
2020-05-15,31198.9324780368
2020-05-16,21839.2527346258
2020-05-17,15287.4769142381
2020-05-18,183794.058514293
2020-05-19,1356106.0529497
2020-05-20,1986420.88197474
2020-05-21,2505057.36053863
2020-05-22,1832536.15338652
2020-05-23,1282775.30737056
2020-05-24,1188354.84157924
2020-05-25,831848.389105469
2020-05-26,582293.872373828
2020-05-27,586258.869798894
2020-05-28,555300.732572049
2020-05-29,388710.512800434
2020-05-30,272097.358960304
2020-05-31,190468.151272213
2020-06-01,133327.705890549
2020-06-02,93329.3941233842
2020-06-03,65330.5758863689
2020-06-04,112250.948430925
2020-06-05,249591.657461653
2020-06-06,185244.599174617
2020-06-07,129671.219422232
2020-06-08,90769.8535955622
2020-06-09,77783.3050008569
2020-06-10,87336.8000197175
2020-06-11,86331.6706668085
2020-06-12,60432.1694667659
2020-06-13,63850.7963855314
2020-06-14,681734.552150849
2020-06-15,705130.722159474
2020-06-16,784972.879536856
2020-06-17,1803923.86360877
2020-06-18,1320650.22772607
2020-06-19,1269114.70565023
2020-06-20,888380.293955162
2020-06-21,636879.540574987
2020-06-22,445815.678402491
2020-06-23,392802.542381775
2020-06-24,274961.779667243
2020-06-25,192473.24576707
2020-06-26,134731.272036949
2020-06-27,94311.8904258643
2020-06-28,68063.56321864
2020-06-29,47644.494253048
2020-06-30,33351.1459771336
2020-07-01,31102.5608071749
2020-07-02,21771.7925650224
2020-07-03,15240.2547955157
2020-07-04,10668.178356861
2020-07-05,7467.72484980269
2020-07-06,5227.40739486189
2020-07-07,3659.18517640332
2020-07-08,2561.42962348232
2020-07-09,1793.00073643763
2020-07-10,38911.8357058876
2020-07-11,27238.2849941213
2020-07-12,19066.7994958849
2020-07-13,71811.3359000701
2020-07-14,50267.9351300491
2020-07-15,35187.5545910343
2020-07-16,50154.5848123059
2020-07-17,35108.2093686141
2020-07-18,24575.7465580299
2020-07-19,17203.0225906209
2020-07-20,12042.1158134347
2020-07-21,165817.556767128
2020-07-22,521924.856119155
2020-07-23,514517.996248187
2020-07-24,363105.062220258
2020-07-25,254173.543554181
2020-07-26,177921.480487927
2020-07-27,124545.036341549
2020-07-28,123911.647643975
2020-07-29,87104.2590107921
2020-07-30,354552.625832642
2020-07-31,258805.534764079
2020-08-01,187507.525575113
2020-08-02,131255.267902579
2020-08-03,253986.001833682
2020-08-04,184506.495623568
2020-08-05,246288.18379961
2020-08-06,241438.785452183
2020-08-07,190396.54312388
2020-08-08,209435.714726428
2020-08-09,149081.116237932
2020-08-10,104356.781366553
2020-08-11,73049.7469565868
2020-08-12,176297.677471033
2020-08-13,350779.565841991
2020-08-14,354379.846831527
2020-08-15,625918.47673581
2020-08-16,471028.697039465
2020-08-17,329720.087927625
2020-08-18,230804.061549338
2020-08-19,161955.67413704
2020-08-20,113368.971895928
2020-08-21,158325.54837703
2020-08-22,492457.013504699
2020-08-23,404309.587023927
2020-08-24,283016.710916749
2020-08-25,198689.33386241
2020-08-26,139082.533703687
2020-08-27,97357.7735925811
2020-08-28,71709.7444430977
2020-08-29,76280.6481547765
2020-08-30,53396.4537083435
2020-08-31,740115.29093721
2020-09-01,589715.364922493
2020-09-02,412800.755445745
2020-09-03,288960.528812021
2020-09-04,202272.370168415
2020-09-05,141590.659117891
2020-09-06,99113.4613825234
2020-09-07,69379.4229677664
2020-09-08,48565.5960774365
2020-09-09,52776.7601537528
2020-09-10,123360.45378809
2020-09-11,86392.6327710008
2020-09-12,64083.5981375817
2020-09-13,44858.5186963072
2020-09-14,31400.963087415
2020-09-15,21980.6741611905
2020-09-16,15386.4719128334
2020-09-17,819140.723384447
2020-09-18,573398.506369113
2020-09-19,401378.954458379
2020-09-20,280965.268120865
2020-09-21,196675.687684606
2020-09-22,137672.981379224
2020-09-23,96371.0869654568
2020-09-24,67459.7608758198
2020-09-25,673995.504196062
2020-09-26,471796.852937243
2020-09-27,330257.79705607
2020-09-28,237264.056825815
2020-09-29,492520.825311451
2020-09-30,344764.577718016
2020-10-01,241335.204402611
2020-10-02,168934.643081828
2020-10-03,118254.250157279
2020-10-04,82777.9751100955
2020-10-05,57944.5825770669
2020-10-06,40561.2078039468
2020-10-07,28392.8454627628
2020-10-08,19874.9918239339
2020-10-09,13912.4942767538
2020-10-10,211447.699390282
2020-10-11,687678.104861799
2020-10-12,499962.704776858
2020-10-13,349973.8933438
2020-10-14,244981.72534066
2020-10-15,171487.207738462
2020-10-16,120041.045416924
2020-10-17,84028.7317918465
2020-10-18,58820.1122542926
2020-10-19,41174.0785780048
2020-10-20,28821.8550046033
2020-10-21,20175.2985032223
2020-10-22,14122.7089522556
2020-10-23,9885.89626657895
2020-10-24,27441.8317934686
2020-10-25,338480.6038531
2020-10-26,236936.42269717
2020-10-27,165855.495888019
2020-10-28,120665.754645398
2020-10-29,982633.097482277
2020-10-30,698011.315553716
2020-10-31,488607.920887601
2020-11-01,479139.099237711
2020-11-02,335397.369466398
2020-11-03,234778.158626479
2020-11-04,164344.711038535
2020-11-05,115041.297726975
2020-11-06,80528.9084088822
2020-11-07,56370.2358862175
2020-11-08,39459.1651203523
2020-11-09,27621.4155842466
2020-11-10,31321.3864801746
2020-11-11,1190833.119468
2020-11-12,1666549.68420228
2020-11-13,1166584.7789416
2020-11-14,816609.345259118
2020-11-15,573493.978182236
2020-11-16,401445.784727565
2020-11-17,281012.049309296
2020-11-18,196708.434516507
2020-11-19,137695.904161555
2020-11-20,96387.1329130884
2020-11-21,67470.9930391619
2020-11-22,47229.6951274133
2020-11-23,45402.0931063913
2020-11-24,31781.4651744739
2020-11-25,23774.9401281236
2020-11-26,16642.4580896865
2020-11-27,11649.7206627806
2020-11-28,8154.8044639464
2020-11-29,34871.7365614116
2020-11-30,511096.116659782
2020-12-01,357767.281661848
2020-12-02,250437.097163293
2020-12-03,175305.968014305
2020-12-04,474712.657622807
2020-12-05,514787.792352526
2020-12-06,360351.454646768
2020-12-07,271826.036742212
2020-12-08,190278.225719549
2020-12-09,133194.758003684
2020-12-10,93236.3306025788
2020-12-11,65265.4314218052
2020-12-12,54533.589273492
2020-12-13,46262.6165418473
2020-12-14,469251.321788758
2020-12-15,328475.92525213
2020-12-16,525664.432131369
2020-12-17,367965.102491959
2020-12-18,257575.571744371
2020-12-19,180302.90022106
2020-12-20,127112.311883487
2020-12-21,88978.6183184411
2020-12-22,62285.0328229088
2020-12-23,43599.5229760361
2020-12-24,313307.060704029
2020-12-25,313295.938259994
2020-12-26,219307.156781996
2020-12-27,153515.009747397
2020-12-28,107460.506823178
2020-12-29,75222.3547762245
2020-12-30,52655.6483433572
2020-12-31,44239.5275804238
2021-01-01,330819.183739351
2021-01-02,238431.401005345
2021-01-03,260519.253517985
2021-01-04,183274.533617019
2021-01-05,128292.173531913
2021-01-06,89804.5214723392
2021-01-07,62863.1650306375
2021-01-08,119520.112759681
2021-01-09,83664.0789317765
2021-01-10,58564.8552522435
2021-01-11,46117.325445789
2021-01-12,32282.1278120523
2021-01-13,22597.4894684366
2021-01-14,15818.2426279056
2021-01-15,74385.2297561527
2021-01-16,62026.9700304783
2021-01-17,43418.8790213348
2021-01-18,30397.495868803
2021-01-19,21278.2471081621
2021-01-20,14894.7729757135
2021-01-21,10426.3410829994
2021-01-22,7298.4387580996
2021-01-23,5108.90713066972
2021-01-24,3576.2349914688
2021-01-25,430915.093545905
2021-01-26,658160.393605673
2021-01-27,517475.042126977
2021-01-28,459741.65314693
2021-01-29,321819.157202851
2021-01-30,236467.568119878
2021-01-31,360458.584991314
2021-02-01,252321.00949392
2021-02-02,179815.189996762
2021-02-03,125870.632997734
2021-02-04,88109.4430984136
2021-02-05,72058.5626403145
2021-02-06,50440.9938482202
2021-02-07,158020.187288544
2021-02-08,110614.131101981
2021-02-09,77429.8917713864
2021-02-10,54200.9242399705
2021-02-11,302051.895171741
2021-02-12,275137.999922787
2021-02-13,414731.173136401
2021-02-14,330644.588182881
2021-02-15,453686.606319923
2021-02-16,321624.313645841
2021-02-17,225137.019552089
2021-02-18,493251.693162371
2021-02-19,345276.185213659
2021-02-20,241693.329649562
2021-02-21,169185.330754693
2021-02-22,225348.745323625
2021-02-23,157744.121726538
2021-02-24,110420.885208576
2021-02-25,90039.7270682601
2021-02-26,187644.092530725
2021-02-27,271520.743862262
2021-02-28,398030.556867856
2021-03-01,404727.70922059
2021-03-02,283309.396454413
2021-03-03,199149.474759925
2021-03-04,146185.005729303
2021-03-05,102329.504010512
2021-03-06,71630.6528073584
2021-03-07,50141.4569651509
2021-03-08,35099.0198756056
2021-03-09,32416.3933713561
2021-03-10,47017.0262974457
2021-03-11,61599.6611020851
2021-03-12,80630.0576222206
2021-03-13,85079.861305756
2021-03-14,74940.9894475677
2021-03-15,72719.8550651642
2021-03-16,62917.847440946
2021-03-17,67119.5459598433
2021-03-18,388502.927189373
2021-03-19,434719.172018124
2021-03-20,306576.11341674
2021-03-21,219988.881736421
2021-03-22,166491.440947232
2021-03-23,253433.677874344
2021-03-24,219320.379257893
2021-03-25,340932.181255176
2021-03-26,366292.222544581
2021-03-27,461944.422237354
2021-03-28,643659.823142397
2021-03-29,463191.214276091
2021-03-30,341970.076791318
2021-03-31,543007.512567002
2021-04-01,403179.886666379
2021-04-02,283982.321721611
2021-04-03,200260.327503777
2021-04-04,154977.59538618
2021-04-05,137389.732234725
2021-04-06,133575.120278002
2021-04-07,137766.22536997
2021-04-08,198565.173887821
2021-04-09,185762.832230928
2021-04-10,634507.354949777
2021-04-11,520495.835645965
2021-04-12,399826.733334549
2021-04-13,312945.633110398
2021-04-14,341132.019964596
2021-04-15,269068.22373443
2021-04-16,203215.017257111
2021-04-17,161360.837034126
2021-04-18,138790.832909837
2021-04-19,255411.555709564
2021-04-20,207247.34191302
2021-04-21,161169.662253179
2021-04-22,117967.903162334
2021-04-23,97447.6627980764
2021-04-24,460270.936826873
2021-04-25,351736.417768878
2021-04-26,277576.785827505
2021-04-27,236546.678334405
2021-04-28,223082.798555286
2021-04-29,219850.767787037
2021-04-30,191874.739218091
2021-05-01,156896.620402742
2021-05-02,147545.229907684
2021-05-03,354905.205579365
2021-05-04,385873.330941524
2021-05-05,317492.728826007
2021-05-06,255441.037623146
2021-05-07,224938.795921133
2021-05-08,187254.897264262
2021-05-09,174138.890075156
2021-05-10,168050.292269012
2021-05-11,156203.473375107
2021-05-12,128911.157896837
2021-05-13,90237.8105277859
2021-05-14,63166.4673694501
2021-05-15,44216.5271586151
2021-05-16,45482.5172657507
2021-05-17,33508.6636080364
2021-05-18,23456.0645256255
2021-05-19,16419.2451679379
2021-05-20,11493.4716175565
2021-05-21,8045.43013228955
2021-05-22,5631.80109260268
2021-05-23,3942.26076482188
2021-05-24,2776.71047204158
2021-05-25,1943.6973304291
2021-05-26,1360.58813130037
2021-05-27,952.411691910261
2021-05-28,137777.282687991
2021-05-29,237220.416917005
2021-05-30,179405.160739857
2021-05-31,125583.6125179
2021-06-01,87908.5287625301
2021-06-02,61535.9701337711
2021-06-03,43075.1790936397
2021-06-04,30152.6253655478
2021-06-05,21106.8377558835
2021-06-06,15885.7937482826
2021-06-07,112483.342114943
2021-06-08,459272.422106765
2021-06-09,560369.699093774
2021-06-10,504146.002072033
2021-06-11,748777.847239468
2021-06-12,532393.854393129
2021-06-13,687874.087300768
2021-06-14,481511.861110537
2021-06-15,337058.302777376
2021-06-16,235940.811944163
2021-06-17,165158.568360914
2021-06-18,115610.99785264
2021-06-19,80927.698496848
2021-06-20,56649.3889477936
2021-06-21,39654.5722634555
2021-06-22,190368.05217814
2021-06-23,133257.636524698
2021-06-24,93280.3455672884
2021-06-25,65296.2418971019
2021-06-26,45707.3693279713
2021-06-27,386721.366422719
2021-06-28,270704.956495903
2021-06-29,189493.469547132
2021-06-30,217104.234092849
2021-07-01,694792.625969172
2021-07-02,710228.958775062
2021-07-03,497160.271142543
2021-07-04,348012.18979978
2021-07-05,243608.532859846
2021-07-06,170525.973001892
2021-07-07,125608.898299092
2021-07-08,318214.160090609
2021-07-09,222749.912063426
2021-07-10,493575.07770907
2021-07-11,373097.764877043
2021-07-12,261168.43541393
2021-07-13,182817.904789751
2021-07-14,289366.269894814
2021-07-15,202556.38892637
2021-07-16,159391.705351565
2021-07-17,207932.970329141
2021-07-18,145553.079230399
2021-07-19,103876.478974088
2021-07-20,72713.5352818615
2021-07-21,50899.474697303
2021-07-22,35629.6322881121
2021-07-23,24940.7426016785
2021-07-24,32049.810924484
2021-07-25,216960.064568726
2021-07-26,611863.581880965
2021-07-27,436398.600848093
2021-07-28,305479.020593665
2021-07-29,213835.314415566
2021-07-30,149684.720090896
2021-07-31,104779.304063627
2021-08-01,102013.4721377
2021-08-02,71409.4304963901
2021-08-03,49986.6013474731
2021-08-04,34990.6209432312
2021-08-05,24493.4346602618
2021-08-06,17145.4042621833
2021-08-07,12001.7829835283
2021-08-08,10503.5478033595
2021-08-09,7352.48346235165
2021-08-10,49893.526759396
2021-08-11,34925.4687315772
2021-08-12,24447.828112104
2021-08-13,137888.024337958
2021-08-14,189044.455597217
2021-08-15,779376.452695449
2021-08-16,947550.734362993
2021-08-17,778255.204359736
2021-08-18,655965.240900085
2021-08-19,521880.515230151
2021-08-20,424623.834222771
2021-08-21,297236.68395594
2021-08-22,208065.678769158
2021-08-23,145645.975138411
2021-08-24,101952.182596887
2021-08-25,75632.96873525
2021-08-26,52943.078114675
2021-08-27,38196.3286380436
2021-08-28,26737.4300466305
2021-08-29,68858.5466885214
2021-08-30,65000.4352415971
2021-08-31,244394.800214654
2021-09-01,559727.419626438
2021-09-02,391809.193738506
2021-09-03,274266.435616955
2021-09-04,191986.504931868
2021-09-05,134390.553452308
2021-09-06,94073.3874166154
2021-09-07,65851.3711916308
2021-09-08,56454.3922551221
2021-09-09,39518.0745785855
2021-09-10,27662.6522050099
2021-09-11,19363.8565435069
2021-09-12,13554.6995804548
2021-09-13,9488.28970631838
2021-09-14,6641.80279442287
2021-09-15,4649.26195609601
2021-09-16,79525.8475989119
2021-09-17,55668.0933192383
2021-09-18,38967.6653234668
2021-09-19,27277.3657264268
2021-09-20,32962.8860920736
2021-09-21,725708.852646289
2021-09-22,2472699.70061043
2021-09-23,1730889.7904273
2021-09-24,1211622.85329911
2021-09-25,848135.997309379
2021-09-26,593695.198116565
2021-09-27,415586.638681596
2021-09-28,290910.647077117
2021-09-29,203637.452953982
2021-09-30,142546.217067787
2021-10-01,99782.3519474511
2021-10-02,69847.6463632158
2021-10-03,383953.144464048
2021-10-04,296248.548176553
2021-10-05,431215.964921802
2021-10-06,311007.084144726
2021-10-07,245098.047198278
2021-10-08,180840.584081172
2021-10-09,180303.509082409
2021-10-10,126212.456357686
2021-10-11,88348.7194503802
2021-10-12,61844.1036152661
2021-10-13,43290.8725306863
2021-10-14,30303.6107714804
2021-10-15,21212.5275400363
2021-10-16,23052.7676505831
2021-10-17,16136.9373554082
2021-10-18,11295.8561487857
2021-10-19,7907.09930415
2021-10-20,5534.969512905
2021-10-21,53724.1965769123
2021-10-22,38337.514350064
2021-10-23,26836.2600450448
2021-10-24,18785.3820315314
2021-10-25,197388.793626813
2021-10-26,138172.155538769
2021-10-27,96720.5088771383
2021-10-28,153740.600680029
2021-10-29,617432.456255335
2021-10-30,473071.16440672
2021-10-31,331149.815084704
2021-11-01,231804.870559293
2021-11-02,214813.776149932
2021-11-03,150369.643304952
2021-11-04,105258.750313467
2021-11-05,73681.1252194267
2021-11-06,51576.7876535987
2021-11-07,36103.7513575191
2021-11-08,25272.6259502634
2021-11-09,17690.8381651844
2021-11-10,12383.586715629
2021-11-11,110745.848701658
2021-11-12,329428.349395612
2021-11-13,230669.578968063
2021-11-14,161468.705277644
2021-11-15,113028.093694351
2021-11-16,79119.6655860457
2021-11-17,55383.765910232
2021-11-18,38768.6361371624
2021-11-19,27138.0452960137
2021-11-20,18996.6317072096
2021-11-21,13297.6421950467
2021-11-22,9308.34953653269
2021-11-23,6515.84467557288
2021-11-24,4561.09127290102
2021-11-25,3505.14617112041
2021-11-26,3932.80164621539
2021-11-27,2752.96115235078
2021-11-28,1927.07280664554
2021-11-29,1348.95096465188
2021-11-30,944.265675256316
2021-12-01,2125.76115431857
2021-12-02,1488.032808023
2021-12-03,1041.6229656161
2021-12-04,729.136075931269
2021-12-05,510.395253151888
2021-12-06,357.276677206322
2021-12-07,250.093674044425
2021-12-08,175.065571831098
2021-12-09,122.545900281768
2021-12-10,114266.034599811
2021-12-11,118474.981078131
2021-12-12,82932.4867546915
2021-12-13,58052.740728284
2021-12-14,40636.9185097988
2021-12-15,28445.8429568592
2021-12-16,19912.0900698014
2021-12-17,19571.4910033102
2021-12-18,62097.3529935906
2021-12-19,43562.9423027748
2021-12-20,30494.0596119424
2021-12-21,21345.8417283597
2021-12-22,14942.0892098518
2021-12-23,10459.4624468962
2021-12-24,7321.62371282737
2021-12-25,5125.13659897916
2021-12-26,3587.59561928541
2021-12-27,2511.31693349979
2021-12-28,1757.92185344985
2021-12-29,95559.9944113123
2021-12-30,82840.7438862613
2021-12-31,77649.8083872092
