"Date","WaterLevel_m"
2014-01-01,13
2014-01-02,13
2014-01-03,13.0142857142857
2014-01-04,13.0285714285714
2014-01-05,13.0428571428571
2014-01-06,13.0571428571429
2014-01-07,13.0714285714286
2014-01-08,13.0857142857143
2014-01-09,13.1
2014-01-10,13.1
2014-01-11,13.1
2014-01-12,13.1
2014-01-13,13.1
2014-01-14,13.1
2014-01-15,13.1
2014-01-16,13.1
2014-01-17,13.1
2014-01-18,13.1
2014-01-19,13.1
2014-01-20,13.1
2014-01-21,13.1
2014-01-22,13.1
2014-01-23,13.1
2014-01-24,13.1
2014-01-25,13.1
2014-01-26,13.1
2014-01-27,13.1
2014-01-28,13.1
2014-01-29,13.1
2014-01-30,13.1
2014-01-31,13.1
2014-02-01,13.1
2014-02-02,13.1
2014-02-03,13.1
2014-02-04,13.1
2014-02-05,13.1
2014-02-06,13.1
2014-02-07,13.1
2014-02-08,13.1
2014-02-09,13.1
2014-02-10,13.1
2014-02-11,13.1
2014-02-12,13.1
2014-02-13,13.1
2014-02-14,13.1
2014-02-15,13.1
2014-02-16,13.1
2014-02-17,13.1
2014-02-18,13.1
2014-02-19,13.1
2014-02-20,13.1
2014-02-21,13.1
2014-02-22,13.1
2014-02-23,13.1
2014-02-24,13.1
2014-02-25,13.1
2014-02-26,13.1
2014-02-27,13.1
2014-02-28,13.1
2014-03-01,13.1
2014-03-02,13.1
2014-03-03,13.1
2014-03-04,13.1
2014-03-05,13.1
2014-03-06,13.1
2014-03-07,13.1
2014-03-08,13.1
2014-03-09,13.1
2014-03-10,13.1
2014-03-11,13.1
2014-03-12,13.1
2014-03-13,13.1
2014-03-14,13.1
2014-03-15,13.1
2014-03-16,13.1
2014-03-17,13.1
2014-03-18,13.1
2014-03-19,13.1
2014-03-20,13.1
2014-03-21,13.1
2014-03-22,13.1
2014-03-23,13.1
2014-03-24,13.1
2014-03-25,13.1
2014-03-26,13.1
2014-03-27,13.1
2014-03-28,13.1
2014-03-29,13.1
2014-03-30,13.1
2014-03-31,13.1
2014-04-01,13.1
2014-04-02,13.1
2014-04-03,13.1
2014-04-04,13.1
2014-04-05,13.1
2014-04-06,13.1
2014-04-07,13.1
2014-04-08,13.1
2014-04-09,13.1
2014-04-10,13.1
2014-04-11,13.1
2014-04-12,13.1
2014-04-13,13.1
2014-04-14,13.1
2014-04-15,13.1
2014-04-16,13.1
2014-04-17,13.1
2014-04-18,13.1
2014-04-19,13.1
2014-04-20,13.1
2014-04-21,13.1
2014-04-22,13.1
2014-04-23,13.1
2014-04-24,13.1
2014-04-25,13.1
2014-04-26,13.1
2014-04-27,13.1
2014-04-28,13.1
2014-04-29,13.1
2014-04-30,13.1
2014-05-01,13.1
2014-05-02,13.075
2014-05-03,13.05
2014-05-04,13.025
2014-05-05,13
2014-05-06,13
2014-05-07,13
2014-05-08,13
2014-05-09,12.975
2014-05-10,12.95
2014-05-11,12.925
2014-05-12,12.9
2014-05-13,12.9
2014-05-14,12.9
2014-05-15,12.9
2014-05-16,12.9
2014-05-17,12.9
2014-05-18,12.9
2014-05-19,12.9
2014-05-20,12.9
2014-05-21,12.9
2014-05-22,12.9
2014-05-23,12.9
2014-05-24,12.9
2014-05-25,12.9
2014-05-26,12.9
2014-05-27,12.9
2014-05-28,12.8333333333333
2014-05-29,12.7666666666667
2014-05-30,12.7
2014-05-31,12.6666666666667
2014-06-01,12.6333333333333
2014-06-02,12.6
2014-06-03,12.6
2014-06-04,12.6
2014-06-05,12.6
2014-06-06,12.575
2014-06-07,12.55
2014-06-08,12.525
2014-06-09,12.5
2014-06-10,12.5
2014-06-11,12.5
2014-06-12,12.55
2014-06-13,12.6
2014-06-14,12.58
2014-06-15,12.56
2014-06-16,12.54
2014-06-17,12.52
2014-06-18,12.5
2014-06-19,12.4666666666667
2014-06-20,12.4333333333333
2014-06-21,12.4
2014-06-22,12.3666666666667
2014-06-23,12.3333333333333
2014-06-24,12.3
2014-06-25,12.2666666666667
2014-06-26,12.2333333333333
2014-06-27,12.2
2014-06-28,12.1818181818182
2014-06-29,12.1636363636364
2014-06-30,12.1454545454545
2014-07-01,12.1272727272727
2014-07-02,12.1090909090909
2014-07-03,12.0909090909091
2014-07-04,12.0727272727273
2014-07-05,12.0545454545455
2014-07-06,12.0363636363636
2014-07-07,12.0181818181818
2014-07-08,12
2014-07-09,11.9833333333333
2014-07-10,11.9666666666667
2014-07-11,11.95
2014-07-12,11.9333333333333
2014-07-13,11.9166666666667
2014-07-14,11.9
2014-07-15,11.8666666666667
2014-07-16,11.8333333333333
2014-07-17,11.8
2014-07-18,11.78
2014-07-19,11.76
2014-07-20,11.74
2014-07-21,11.72
2014-07-22,11.7
2014-07-23,11.6857142857143
2014-07-24,11.6714285714286
2014-07-25,11.6571428571429
2014-07-26,11.6428571428571
2014-07-27,11.6285714285714
2014-07-28,11.6142857142857
2014-07-29,11.6
2014-07-30,11.575
2014-07-31,11.55
2014-08-01,11.525
2014-08-02,11.5
2014-08-03,11.475
2014-08-04,11.45
2014-08-05,11.425
2014-08-06,11.4
2014-08-07,11.4
2014-08-08,11.4
2014-08-09,11.4
2014-08-10,11.4
2014-08-11,11.4
2014-08-12,11.4
2014-08-13,11.4
2014-08-14,11.4
2014-08-15,11.4
2014-08-16,11.3833333333333
2014-08-17,11.3666666666667
2014-08-18,11.35
2014-08-19,11.3333333333333
2014-08-20,11.3166666666667
2014-08-21,11.3
2014-08-22,11.3
2014-08-23,11.3
2014-08-24,11.3
2014-08-25,11.3
2014-08-26,11.3
2014-08-27,11.3
2014-08-28,11.3
2014-08-29,11.3
2014-08-30,11.3
2014-08-31,11.3
2014-09-01,11.3
2014-09-02,11.3
2014-09-03,11.3
2014-09-04,11.3
2014-09-05,11.3
2014-09-06,11.29
2014-09-07,11.28
2014-09-08,11.27
2014-09-09,11.26
2014-09-10,11.25
2014-09-11,11.24
2014-09-12,11.23
2014-09-13,11.22
2014-09-14,11.21
2014-09-15,11.2
2014-09-16,11.2
2014-09-17,11.2
2014-09-18,11.2
2014-09-19,11.2
2014-09-20,11.2
2014-09-21,11.2
2014-09-22,11.2
2014-09-23,11.2
2014-09-24,11.2
2014-09-25,11.2
2014-09-26,11.2
2014-09-27,11.2
2014-09-28,11.2
2014-09-29,11.2
2014-09-30,11.2
2014-10-01,11.2
2014-10-02,11.2
2014-10-03,11.2
2014-10-04,11.2
2014-10-05,11.2
2014-10-06,11.2
2014-10-07,11.2
2014-10-08,11.2
2014-10-09,11.2
2014-10-10,11.2
2014-10-11,11.2
2014-10-12,11.2
2014-10-13,11.2
2014-10-14,11.2
2014-10-15,11.2
2014-10-16,11.2
2014-10-17,11.2
2014-10-18,11.2
2014-10-19,11.2
2014-10-20,11.2
2014-10-21,11.2
2014-10-22,11.2
2014-10-23,11.2
2014-10-24,11.2
2014-10-25,11.2
2014-10-26,11.2
2014-10-27,11.2
2014-10-28,11.2
2014-10-29,11.2
2014-10-30,11.2
2014-10-31,11.2
2014-11-01,11.2
2014-11-02,11.2
2014-11-03,11.2
2014-11-04,11.2
2014-11-05,11.2
2014-11-06,11.1857142857143
2014-11-07,11.1714285714286
2014-11-08,11.1571428571429
2014-11-09,11.1428571428571
2014-11-10,11.1285714285714
2014-11-11,11.1142857142857
2014-11-12,11.1
2014-11-13,11.1
2014-11-14,11.1
2014-11-15,11.1
2014-11-16,11.1
2014-11-17,11.1
2014-11-18,11.1
2014-11-19,11.1
2014-11-20,11.1
2014-11-21,11.1
2014-11-22,11.1071428571429
2014-11-23,11.1142857142857
2014-11-24,11.1214285714286
2014-11-25,11.1285714285714
2014-11-26,11.1357142857143
2014-11-27,11.1428571428571
2014-11-28,11.15
2014-11-29,11.1571428571429
2014-11-30,11.1642857142857
2014-12-01,11.1714285714286
2014-12-02,11.1785714285714
2014-12-03,11.1857142857143
2014-12-04,11.1928571428571
2014-12-05,11.2
2014-12-06,11.1923076923077
2014-12-07,11.1846153846154
2014-12-08,11.1769230769231
2014-12-09,11.1692307692308
2014-12-10,11.1615384615385
2014-12-11,11.1538461538462
2014-12-12,11.1461538461538
2014-12-13,11.1384615384615
2014-12-14,11.1307692307692
2014-12-15,11.1230769230769
2014-12-16,11.1153846153846
2014-12-17,11.1076923076923
2014-12-18,11.1
2014-12-19,11.1
2014-12-20,11.1
2014-12-21,11.1
2014-12-22,11.1
2014-12-23,11.1
2014-12-24,11.1
2014-12-25,11.1
2014-12-26,11.1
2014-12-27,11.1
2014-12-28,11.1
2014-12-29,11.1
2014-12-30,11.1
2014-12-31,11.1
2015-01-01,11.1
2015-01-02,11.1
2015-01-03,11.1
2015-01-04,11.1
2015-01-05,11.1
2015-01-06,11.1
2015-01-07,11.1
2015-01-08,11.1
2015-01-09,11.1
2015-01-10,11.1
2015-01-11,11.1
2015-01-12,11.1
2015-01-13,11.1
2015-01-14,11.1
2015-01-15,11.1
2015-01-16,11.1
2015-01-17,11.1
2015-01-18,11.1
2015-01-19,11.1
2015-01-20,11.1
2015-01-21,11.1
2015-01-22,11.1
2015-01-23,11.1
2015-01-24,11.1
2015-01-25,11.1
2015-01-26,11.1
2015-01-27,11.1
2015-01-28,11.1
2015-01-29,11.1
2015-01-30,11.1
2015-01-31,11.1
2015-02-01,11.1
2015-02-02,11.1
2015-02-03,11.1
2015-02-04,11.1
2015-02-05,11.1
2015-02-06,11.1
2015-02-07,11.1
2015-02-08,11.1
2015-02-09,11.1
2015-02-10,11.1
2015-02-11,11.1
2015-02-12,11.1
2015-02-13,11.108
2015-02-14,11.116
2015-02-15,11.124
2015-02-16,11.132
2015-02-17,11.14
2015-02-18,11.148
2015-02-19,11.156
2015-02-20,11.164
2015-02-21,11.172
2015-02-22,11.18
2015-02-23,11.188
2015-02-24,11.196
2015-02-25,11.204
2015-02-26,11.212
2015-02-27,11.22
2015-02-28,11.228
2015-03-01,11.236
2015-03-02,11.244
2015-03-03,11.252
2015-03-04,11.26
2015-03-05,11.268
2015-03-06,11.276
2015-03-07,11.284
2015-03-08,11.292
2015-03-09,11.3
2015-03-10,11.2888888888889
2015-03-11,11.2777777777778
2015-03-12,11.2666666666667
2015-03-13,11.2555555555556
2015-03-14,11.2444444444444
2015-03-15,11.2333333333333
2015-03-16,11.2222222222222
2015-03-17,11.2111111111111
2015-03-18,11.2
2015-03-19,11.2
2015-03-20,11.2
2015-03-21,11.2
2015-03-22,11.2
2015-03-23,11.2
2015-03-24,11.2
2015-03-25,11.2
2015-03-26,11.2
2015-03-27,11.2
2015-03-28,11.1857142857143
2015-03-29,11.1714285714286
2015-03-30,11.1571428571429
2015-03-31,11.1428571428571
2015-04-01,11.1285714285714
2015-04-02,11.1142857142857
2015-04-03,11.1
2015-04-04,11.1176470588235
2015-04-05,11.1352941176471
2015-04-06,11.1529411764706
2015-04-07,11.1705882352941
2015-04-08,11.1882352941176
2015-04-09,11.2058823529412
2015-04-10,11.2235294117647
2015-04-11,11.2411764705882
2015-04-12,11.2588235294118
2015-04-13,11.2764705882353
2015-04-14,11.2941176470588
2015-04-15,11.3117647058824
2015-04-16,11.3294117647059
2015-04-17,11.3470588235294
2015-04-18,11.3647058823529
2015-04-19,11.3823529411765
2015-04-20,11.4
2015-04-21,11.3818181818182
2015-04-22,11.3636363636364
2015-04-23,11.3454545454545
2015-04-24,11.3272727272727
2015-04-25,11.3090909090909
2015-04-26,11.2909090909091
2015-04-27,11.2727272727273
2015-04-28,11.2545454545455
2015-04-29,11.2363636363636
2015-04-30,11.2181818181818
2015-05-01,11.2
2015-05-02,11.2
2015-05-03,11.2
2015-05-04,11.2
2015-05-05,11.2
2015-05-06,11.2
2015-05-07,11.2
2015-05-08,11.2
2015-05-09,11.2
2015-05-10,11.2
2015-05-11,11.2
2015-05-12,11.2
2015-05-13,11.2
2015-05-14,11.2
2015-05-15,11.2
2015-05-16,11.2090909090909
2015-05-17,11.2181818181818
2015-05-18,11.2272727272727
2015-05-19,11.2363636363636
2015-05-20,11.2454545454545
2015-05-21,11.2545454545455
2015-05-22,11.2636363636364
2015-05-23,11.2727272727273
2015-05-24,11.2818181818182
2015-05-25,11.2909090909091
2015-05-26,11.3
2015-05-27,11.3
2015-05-28,11.2866666666667
2015-05-29,11.2733333333333
2015-05-30,11.26
2015-05-31,11.2466666666667
2015-06-01,11.2333333333333
2015-06-02,11.22
2015-06-03,11.2066666666667
2015-06-04,11.1933333333333
2015-06-05,11.18
2015-06-06,11.1666666666667
2015-06-07,11.1533333333333
2015-06-08,11.14
2015-06-09,11.1266666666667
2015-06-10,11.1133333333333
2015-06-11,11.1
2015-06-12,11.1142857142857
2015-06-13,11.1285714285714
2015-06-14,11.1428571428571
2015-06-15,11.1571428571429
2015-06-16,11.1714285714286
2015-06-17,11.1857142857143
2015-06-18,11.2
2015-06-19,11.18
2015-06-20,11.16
2015-06-21,11.14
2015-06-22,11.12
2015-06-23,11.1
2015-06-24,11.12
2015-06-25,11.14
2015-06-26,11.16
2015-06-27,11.18
2015-06-28,11.2
2015-06-29,11.22
2015-06-30,11.24
2015-07-01,11.26
2015-07-02,11.28
2015-07-03,11.3
2015-07-04,11.275
2015-07-05,11.25
2015-07-06,11.225
2015-07-07,11.2
2015-07-08,11.2071428571429
2015-07-09,11.2142857142857
2015-07-10,11.2214285714286
2015-07-11,11.2285714285714
2015-07-12,11.2357142857143
2015-07-13,11.2428571428571
2015-07-14,11.25
2015-07-15,11.2571428571429
2015-07-16,11.2642857142857
2015-07-17,11.2714285714286
2015-07-18,11.2785714285714
2015-07-19,11.2857142857143
2015-07-20,11.2928571428571
2015-07-21,11.3
2015-07-22,11.2875
2015-07-23,11.275
2015-07-24,11.2625
2015-07-25,11.25
2015-07-26,11.2375
2015-07-27,11.225
2015-07-28,11.2125
2015-07-29,11.2
2015-07-30,11.2
2015-07-31,11.2
2015-08-01,11.2
2015-08-02,11.2
2015-08-03,11.2
2015-08-04,11.2
2015-08-05,11.2
2015-08-06,11.2
2015-08-07,11.2
2015-08-08,11.2
2015-08-09,11.2
2015-08-10,11.2
2015-08-11,11.2
2015-08-12,11.1888888888889
2015-08-13,11.1777777777778
2015-08-14,11.1666666666667
2015-08-15,11.1555555555556
2015-08-16,11.1444444444444
2015-08-17,11.1333333333333
2015-08-18,11.1222222222222
2015-08-19,11.1111111111111
2015-08-20,11.1
2015-08-21,11.1
2015-08-22,11.1
2015-08-23,11.1
2015-08-24,11.1
2015-08-25,11.1
2015-08-26,11.1
2015-08-27,11.1
2015-08-28,11.1
2015-08-29,11.1
2015-08-30,11.1
2015-08-31,11.1
2015-09-01,11.1
2015-09-02,11.1
2015-09-03,11.1
2015-09-04,11.1
2015-09-05,11.1
2015-09-06,11.1
2015-09-07,11.1
2015-09-08,11.1
2015-09-09,11.1
2015-09-10,11.1
2015-09-11,11.1
2015-09-12,11.1090909090909
2015-09-13,11.1181818181818
2015-09-14,11.1272727272727
2015-09-15,11.1363636363636
2015-09-16,11.1454545454545
2015-09-17,11.1545454545455
2015-09-18,11.1636363636364
2015-09-19,11.1727272727273
2015-09-20,11.1818181818182
2015-09-21,11.1909090909091
2015-09-22,11.2
2015-09-23,11.2
2015-09-24,11.2
2015-09-25,11.2
2015-09-26,11.2
2015-09-27,11.2
2015-09-28,11.2
2015-09-29,11.275
2015-09-30,11.35
2015-10-01,11.425
2015-10-02,11.5
2015-10-03,11.5333333333333
2015-10-04,11.5666666666667
2015-10-05,11.6
2015-10-06,11.6
2015-10-07,11.6
2015-10-08,11.6
2015-10-09,11.6
2015-10-10,11.5714285714286
2015-10-11,11.5428571428571
2015-10-12,11.5142857142857
2015-10-13,11.4857142857143
2015-10-14,11.4571428571429
2015-10-15,11.4285714285714
2015-10-16,11.4
2015-10-17,11.3833333333333
2015-10-18,11.3666666666667
2015-10-19,11.35
2015-10-20,11.3333333333333
2015-10-21,11.3166666666667
2015-10-22,11.3
2015-10-23,11.3142857142857
2015-10-24,11.3285714285714
2015-10-25,11.3428571428571
2015-10-26,11.3571428571429
2015-10-27,11.3714285714286
2015-10-28,11.3857142857143
2015-10-29,11.4
2015-10-30,11.3833333333333
2015-10-31,11.3666666666667
2015-11-01,11.35
2015-11-02,11.3333333333333
2015-11-03,11.3166666666667
2015-11-04,11.3
2015-11-05,11.2833333333333
2015-11-06,11.2666666666667
2015-11-07,11.25
2015-11-08,11.2333333333333
2015-11-09,11.2166666666667
2015-11-10,11.2
2015-11-11,11.2142857142857
2015-11-12,11.2285714285714
2015-11-13,11.2428571428571
2015-11-14,11.2571428571429
2015-11-15,11.2714285714286
2015-11-16,11.2857142857143
2015-11-17,11.3
2015-11-18,11.3
2015-11-19,11.3
2015-11-20,11.3
2015-11-21,11.3
2015-11-22,11.3
2015-11-23,11.3
2015-11-24,11.3
2015-11-25,11.3
2015-11-26,11.3
2015-11-27,11.3
2015-11-28,11.3
2015-11-29,11.3
2015-11-30,11.3
2015-12-01,11.3
2015-12-02,11.3
2015-12-03,11.3
2015-12-04,11.3
2015-12-05,11.3
2015-12-06,11.3
2015-12-07,11.3
2015-12-08,11.3
2015-12-09,11.3
2015-12-10,11.3
2015-12-11,11.3
2015-12-12,11.28
2015-12-13,11.26
2015-12-14,11.24
2015-12-15,11.22
2015-12-16,11.2
2015-12-17,11.2166666666667
2015-12-18,11.2333333333333
2015-12-19,11.25
2015-12-20,11.2666666666667
2015-12-21,11.2833333333333
2015-12-22,11.3
2015-12-23,11.3
2015-12-24,11.3
2015-12-25,11.3
2015-12-26,11.3
2015-12-27,11.3
2015-12-28,11.3
2015-12-29,11.3
2015-12-30,11.3
2015-12-31,11.3
2016-01-01,11.3
2016-01-02,11.3
2016-01-03,11.3
2016-01-04,11.3
2016-01-05,11.3
2016-01-06,11.3
2016-01-07,11.3
2016-01-08,11.2923076923077
2016-01-09,11.2846153846154
2016-01-10,11.2769230769231
2016-01-11,11.2692307692308
2016-01-12,11.2615384615385
2016-01-13,11.2538461538462
2016-01-14,11.2461538461538
2016-01-15,11.2384615384615
2016-01-16,11.2307692307692
2016-01-17,11.2230769230769
2016-01-18,11.2153846153846
2016-01-19,11.2076923076923
2016-01-20,11.2
2016-01-21,11.2066666666667
2016-01-22,11.2133333333333
2016-01-23,11.22
2016-01-24,11.2266666666667
2016-01-25,11.2333333333333
2016-01-26,11.24
2016-01-27,11.2466666666667
2016-01-28,11.2533333333333
2016-01-29,11.26
2016-01-30,11.2666666666667
2016-01-31,11.2733333333333
2016-02-01,11.28
2016-02-02,11.2866666666667
2016-02-03,11.2933333333333
2016-02-04,11.3
2016-02-05,11.3
2016-02-06,11.3
2016-02-07,11.3
2016-02-08,11.3
2016-02-09,11.3
2016-02-10,11.3
2016-02-11,11.3
2016-02-12,11.3
2016-02-13,11.3333333333333
2016-02-14,11.3666666666667
2016-02-15,11.4
2016-02-16,11.4333333333333
2016-02-17,11.4666666666667
2016-02-18,11.5
2016-02-19,11.5333333333333
2016-02-20,11.5666666666667
2016-02-21,11.6
2016-02-22,11.6333333333333
2016-02-23,11.6666666666667
2016-02-24,11.7
2016-02-25,11.7
2016-02-26,11.6666666666667
2016-02-27,11.6333333333333
2016-02-28,11.6
2016-02-29,11.5666666666667
2016-03-01,11.5333333333333
2016-03-02,11.5
2016-03-03,11.5333333333333
2016-03-04,11.5666666666667
2016-03-05,11.6
2016-03-06,11.6333333333333
2016-03-07,11.6666666666667
2016-03-08,11.7
2016-03-09,11.7111111111111
2016-03-10,11.7222222222222
2016-03-11,11.7333333333333
2016-03-12,11.7444444444444
2016-03-13,11.7555555555556
2016-03-14,11.7666666666667
2016-03-15,11.7777777777778
2016-03-16,11.7888888888889
2016-03-17,11.8
2016-03-18,11.7833333333333
2016-03-19,11.7666666666667
2016-03-20,11.75
2016-03-21,11.7333333333333
2016-03-22,11.7166666666667
2016-03-23,11.7
2016-03-24,11.6888888888889
2016-03-25,11.6777777777778
2016-03-26,11.6666666666667
2016-03-27,11.6555555555556
2016-03-28,11.6444444444444
2016-03-29,11.6333333333333
2016-03-30,11.6222222222222
2016-03-31,11.6111111111111
2016-04-01,11.6
2016-04-02,11.6
2016-04-03,11.6
2016-04-04,11.6
2016-04-05,11.6
2016-04-06,11.6
2016-04-07,11.6
2016-04-08,11.6
2016-04-09,11.5833333333333
2016-04-10,11.5666666666667
2016-04-11,11.55
2016-04-12,11.5333333333333
2016-04-13,11.5166666666667
2016-04-14,11.5
2016-04-15,11.4928571428571
2016-04-16,11.4857142857143
2016-04-17,11.4785714285714
2016-04-18,11.4714285714286
2016-04-19,11.4642857142857
2016-04-20,11.4571428571429
2016-04-21,11.45
2016-04-22,11.4428571428571
2016-04-23,11.4357142857143
2016-04-24,11.4285714285714
2016-04-25,11.4214285714286
2016-04-26,11.4142857142857
2016-04-27,11.4071428571429
2016-04-28,11.4
2016-04-29,11.4142857142857
2016-04-30,11.4285714285714
2016-05-01,11.4428571428571
2016-05-02,11.4571428571429
2016-05-03,11.4714285714286
2016-05-04,11.4857142857143
2016-05-05,11.5
2016-05-06,11.5142857142857
2016-05-07,11.5285714285714
2016-05-08,11.5428571428571
2016-05-09,11.5571428571429
2016-05-10,11.5714285714286
2016-05-11,11.5857142857143
2016-05-12,11.6
2016-05-13,11.5857142857143
2016-05-14,11.5714285714286
2016-05-15,11.5571428571429
2016-05-16,11.5428571428571
2016-05-17,11.5285714285714
2016-05-18,11.5142857142857
2016-05-19,11.5
2016-05-20,11.4857142857143
2016-05-21,11.4714285714286
2016-05-22,11.4571428571429
2016-05-23,11.4428571428571
2016-05-24,11.4285714285714
2016-05-25,11.4142857142857
2016-05-26,11.4
2016-05-27,11.3933333333333
2016-05-28,11.3866666666667
2016-05-29,11.38
2016-05-30,11.3733333333333
2016-05-31,11.3666666666667
2016-06-01,11.36
2016-06-02,11.3533333333333
2016-06-03,11.3466666666667
2016-06-04,11.34
2016-06-05,11.3333333333333
2016-06-06,11.3266666666667
2016-06-07,11.32
2016-06-08,11.3133333333333
2016-06-09,11.3066666666667
2016-06-10,11.3
2016-06-11,11.3
2016-06-12,11.3
2016-06-13,11.3
2016-06-14,11.3
2016-06-15,11.3
2016-06-16,11.3
2016-06-17,11.3
2016-06-18,11.3
2016-06-19,11.3
2016-06-20,11.3
2016-06-21,11.3
2016-06-22,11.3
2016-06-23,11.3
2016-06-24,11.3
2016-06-25,11.3
2016-06-26,11.3
2016-06-27,11.3
2016-06-28,11.3
2016-06-29,11.3
2016-06-30,11.3
2016-07-01,11.3
2016-07-02,11.3
2016-07-03,11.3
2016-07-04,11.3
2016-07-05,11.3
2016-07-06,11.3
2016-07-07,11.3
2016-07-08,11.3
2016-07-09,11.3
2016-07-10,11.3
2016-07-11,11.3
2016-07-12,11.3
2016-07-13,11.3
2016-07-14,11.2916666666667
2016-07-15,11.2833333333333
2016-07-16,11.275
2016-07-17,11.2666666666667
2016-07-18,11.2583333333333
2016-07-19,11.25
2016-07-20,11.2416666666667
2016-07-21,11.2333333333333
2016-07-22,11.225
2016-07-23,11.2166666666667
2016-07-24,11.2083333333333
2016-07-25,11.2
2016-07-26,11.2055555555556
2016-07-27,11.2111111111111
2016-07-28,11.2166666666667
2016-07-29,11.2222222222222
2016-07-30,11.2277777777778
2016-07-31,11.2333333333333
2016-08-01,11.2388888888889
2016-08-02,11.2444444444444
2016-08-03,11.25
2016-08-04,11.2555555555556
2016-08-05,11.2611111111111
2016-08-06,11.2666666666667
2016-08-07,11.2722222222222
2016-08-08,11.2777777777778
2016-08-09,11.2833333333333
2016-08-10,11.2888888888889
2016-08-11,11.2944444444444
2016-08-12,11.3
2016-08-13,11.2923076923077
2016-08-14,11.2846153846154
2016-08-15,11.2769230769231
2016-08-16,11.2692307692308
2016-08-17,11.2615384615385
2016-08-18,11.2538461538462
2016-08-19,11.2461538461538
2016-08-20,11.2384615384615
2016-08-21,11.2307692307692
2016-08-22,11.2230769230769
2016-08-23,11.2153846153846
2016-08-24,11.2076923076923
2016-08-25,11.2
2016-08-26,11.2111111111111
2016-08-27,11.2222222222222
2016-08-28,11.2333333333333
2016-08-29,11.2444444444444
2016-08-30,11.2555555555556
2016-08-31,11.2666666666667
2016-09-01,11.2777777777778
2016-09-02,11.2888888888889
2016-09-03,11.3
2016-09-04,11.3111111111111
2016-09-05,11.3222222222222
2016-09-06,11.3333333333333
2016-09-07,11.3444444444444
2016-09-08,11.3555555555556
2016-09-09,11.3666666666667
2016-09-10,11.3777777777778
2016-09-11,11.3888888888889
2016-09-12,11.4
2016-09-13,11.4111111111111
2016-09-14,11.4222222222222
2016-09-15,11.4333333333333
2016-09-16,11.4444444444444
2016-09-17,11.4555555555556
2016-09-18,11.4666666666667
2016-09-19,11.4777777777778
2016-09-20,11.4888888888889
2016-09-21,11.5
2016-09-22,11.5111111111111
2016-09-23,11.5222222222222
2016-09-24,11.5333333333333
2016-09-25,11.5444444444444
2016-09-26,11.5555555555556
2016-09-27,11.5666666666667
2016-09-28,11.5777777777778
2016-09-29,11.5888888888889
2016-09-30,11.6
2016-10-01,11.6166666666667
2016-10-02,11.6333333333333
2016-10-03,11.65
2016-10-04,11.6666666666667
2016-10-05,11.6833333333333
2016-10-06,11.7
2016-10-07,11.75
2016-10-08,11.8
2016-10-09,11.85
2016-10-10,11.9
2016-10-11,11.95
2016-10-12,12
2016-10-13,12
2016-10-14,12
2016-10-15,12
2016-10-16,12
2016-10-17,12
2016-10-18,12
2016-10-19,12
2016-10-20,12
2016-10-21,11.9571428571429
2016-10-22,11.9142857142857
2016-10-23,11.8714285714286
2016-10-24,11.8285714285714
2016-10-25,11.7857142857143
2016-10-26,11.7428571428571
2016-10-27,11.7
2016-10-28,11.675
2016-10-29,11.65
2016-10-30,11.625
2016-10-31,11.6
2016-11-01,11.575
2016-11-02,11.55
2016-11-03,11.525
2016-11-04,11.5
2016-11-05,11.4833333333333
2016-11-06,11.4666666666667
2016-11-07,11.45
2016-11-08,11.4333333333333
2016-11-09,11.4166666666667
2016-11-10,11.4
2016-11-11,11.3666666666667
2016-11-12,11.3333333333333
2016-11-13,11.3
2016-11-14,11.2666666666667
2016-11-15,11.2333333333333
2016-11-16,11.2
2016-11-17,11.2
2016-11-18,11.2
2016-11-19,11.2
2016-11-20,11.2
2016-11-21,11.2
2016-11-22,11.2
2016-11-23,11.2
2016-11-24,11.2
2016-11-25,11.2
2016-11-26,11.2
2016-11-27,11.2
2016-11-28,11.2
2016-11-29,11.2
2016-11-30,11.2
2016-12-01,11.2
2016-12-02,11.2
2016-12-03,11.2
2016-12-04,11.2
2016-12-05,11.2
2016-12-06,11.2
2016-12-07,11.2
2016-12-08,11.2
2016-12-09,11.2
2016-12-10,11.18
2016-12-11,11.16
2016-12-12,11.14
2016-12-13,11.12
2016-12-14,11.1
2016-12-15,11.0857142857143
2016-12-16,11.0714285714286
2016-12-17,11.0571428571429
2016-12-18,11.0428571428571
2016-12-19,11.0285714285714
2016-12-20,11.0142857142857
2016-12-21,11
2016-12-22,11
2016-12-23,11
2016-12-24,11
2016-12-25,11
2016-12-26,11
2016-12-27,11
2016-12-28,11
2016-12-29,10.9888888888889
2016-12-30,10.9777777777778
2016-12-31,10.9666666666667
2017-01-01,10.9555555555556
2017-01-02,10.9444444444444
2017-01-03,10.9333333333333
2017-01-04,10.9222222222222
2017-01-05,10.9111111111111
2017-01-06,10.9
2017-01-07,10.9
2017-01-08,10.9
2017-01-09,10.9
2017-01-10,10.9
2017-01-11,10.9
2017-01-12,10.9
2017-01-13,10.9
2017-01-14,10.9
2017-01-15,10.9
2017-01-16,10.9
2017-01-17,10.9
2017-01-18,10.9
2017-01-19,10.9125
2017-01-20,10.925
2017-01-21,10.9375
2017-01-22,10.95
2017-01-23,10.9625
2017-01-24,10.975
2017-01-25,10.9875
2017-01-26,11
2017-01-27,11
2017-01-28,11
2017-01-29,11
2017-01-30,11
2017-01-31,11
2017-02-01,11
2017-02-02,11
2017-02-03,11
2017-02-04,11
2017-02-05,11
2017-02-06,11
2017-02-07,11
2017-02-08,11
2017-02-09,11
2017-02-10,11
2017-02-11,11
2017-02-12,11
2017-02-13,11
2017-02-14,11
2017-02-15,11
2017-02-16,11
2017-02-17,11
2017-02-18,11
2017-02-19,11
2017-02-20,11
2017-02-21,11
2017-02-22,11
2017-02-23,11
2017-02-24,11
2017-02-25,11
2017-02-26,11
2017-02-27,11
2017-02-28,11
2017-03-01,11
2017-03-02,11
2017-03-03,11
2017-03-04,11
2017-03-05,11
2017-03-06,11
2017-03-07,11
2017-03-08,11
2017-03-09,11
2017-03-10,10.9875
2017-03-11,10.975
2017-03-12,10.9625
2017-03-13,10.95
2017-03-14,10.9375
2017-03-15,10.925
2017-03-16,10.9125
2017-03-17,10.9
2017-03-18,10.9
2017-03-19,10.9
2017-03-20,10.9
2017-03-21,10.9
2017-03-22,10.9
2017-03-23,10.9
2017-03-24,10.9
2017-03-25,10.9
2017-03-26,10.9
2017-03-27,10.9
2017-03-28,10.9
2017-03-29,10.9
2017-03-30,10.9
2017-03-31,10.9
2017-04-01,10.9
2017-04-02,10.9
2017-04-03,10.9
2017-04-04,10.9
2017-04-05,10.9
2017-04-06,10.9
2017-04-07,10.9
2017-04-08,10.9
2017-04-09,10.9
2017-04-10,10.9
2017-04-11,10.9
2017-04-12,10.9
2017-04-13,10.9
2017-04-14,10.9
2017-04-15,10.88
2017-04-16,10.86
2017-04-17,10.84
2017-04-18,10.82
2017-04-19,10.8
2017-04-20,10.85
2017-04-21,10.9
2017-04-22,10.95
2017-04-23,11
2017-04-24,11.05
2017-04-25,11.1
2017-04-26,11.15
2017-04-27,11.2
2017-04-28,11.2
2017-04-29,11.2
2017-04-30,11.2
2017-05-01,11.2
2017-05-02,11.2
2017-05-03,11.2
2017-05-04,11.2
2017-05-05,11.2
2017-05-06,11.2
2017-05-07,11.2
2017-05-08,11.2
2017-05-09,11.2
2017-05-10,11.2
2017-05-11,11.2
2017-05-12,11.2
2017-05-13,11.2
2017-05-14,11.2
2017-05-15,11.2
2017-05-16,11.2
2017-05-17,11.2
2017-05-18,11.2
2017-05-19,11.2
2017-05-20,11.2
2017-05-21,11.2
2017-05-22,11.2
2017-05-23,11.2
2017-05-24,11.2
2017-05-25,11.2
2017-05-26,11.2
2017-05-27,11.2
2017-05-28,11.2
2017-05-29,11.2
2017-05-30,11.2
2017-05-31,11.2
2017-06-01,11.2
2017-06-02,11.2
2017-06-03,11.2
2017-06-04,11.2
2017-06-05,11.2
2017-06-06,11.2
2017-06-07,11.2
2017-06-08,11.2
2017-06-09,11.2
2017-06-10,11.2
2017-06-11,11.2
2017-06-12,11.2
2017-06-13,11.2
2017-06-14,11.2
2017-06-15,11.2
2017-06-16,11.2
2017-06-17,11.1857142857143
2017-06-18,11.1714285714286
2017-06-19,11.1571428571429
2017-06-20,11.1428571428571
2017-06-21,11.1285714285714
2017-06-22,11.1142857142857
2017-06-23,11.1
2017-06-24,11.0666666666667
2017-06-25,11.0333333333333
2017-06-26,11
2017-06-27,10.9666666666667
2017-06-28,10.9333333333333
2017-06-29,10.9
2017-06-30,10.85
2017-07-01,10.8
2017-07-02,10.75
2017-07-03,10.7
2017-07-04,10.65
2017-07-05,10.6
2017-07-06,10.55
2017-07-07,10.5
2017-07-08,10.4285714285714
2017-07-09,10.3571428571429
2017-07-10,10.2857142857143
2017-07-11,10.2142857142857
2017-07-12,10.1428571428571
2017-07-13,10.0714285714286
2017-07-14,10
2017-07-15,9.96
2017-07-16,9.92
2017-07-17,9.88
2017-07-18,9.84
2017-07-19,9.8
2017-07-20,9.78888888888889
2017-07-21,9.77777777777778
2017-07-22,9.76666666666667
2017-07-23,9.75555555555556
2017-07-24,9.74444444444444
2017-07-25,9.73333333333333
2017-07-26,9.72222222222222
2017-07-27,9.71111111111111
2017-07-28,9.7
2017-07-29,9.71538461538461
2017-07-30,9.73076923076923
2017-07-31,9.74615384615385
2017-08-01,9.76153846153846
2017-08-02,9.77692307692308
2017-08-03,9.79230769230769
2017-08-04,9.80769230769231
2017-08-05,9.82307692307692
2017-08-06,9.83846153846154
2017-08-07,9.85384615384615
2017-08-08,9.86923076923077
2017-08-09,9.88461538461539
2017-08-10,9.9
2017-08-11,9.9
2017-08-12,9.9
2017-08-13,9.9
2017-08-14,9.9
2017-08-15,9.9
2017-08-16,9.9
2017-08-17,9.9
2017-08-18,9.9
2017-08-19,9.91428571428571
2017-08-20,9.92857142857143
2017-08-21,9.94285714285714
2017-08-22,9.95714285714286
2017-08-23,9.97142857142857
2017-08-24,9.98571428571429
2017-08-25,10
2017-08-26,10
2017-08-27,10
2017-08-28,10
2017-08-29,10
2017-08-30,10
2017-08-31,10
2017-09-01,10
2017-09-02,10
2017-09-03,10
2017-09-04,10
2017-09-05,10
2017-09-06,10
2017-09-07,10
2017-09-08,10
2017-09-09,10
2017-09-10,10
2017-09-11,10
2017-09-12,10
2017-09-13,10
2017-09-14,10.0111111111111
2017-09-15,10.0222222222222
2017-09-16,10.0333333333333
2017-09-17,10.0444444444444
2017-09-18,10.0555555555556
2017-09-19,10.0666666666667
2017-09-20,10.0777777777778
2017-09-21,10.0888888888889
2017-09-22,10.1
2017-09-23,10.1
2017-09-24,10.1
2017-09-25,10.1
2017-09-26,10.1
2017-09-27,10.1
2017-09-28,10.1
2017-09-29,10.1
2017-09-30,10.1
2017-10-01,10.1
2017-10-02,10.1
2017-10-03,10.1
2017-10-04,10.1
2017-10-05,10.1
2017-10-06,10.1
2017-10-07,10.1166666666667
2017-10-08,10.1333333333333
2017-10-09,10.15
2017-10-10,10.1666666666667
2017-10-11,10.1833333333333
2017-10-12,10.2
2017-10-13,10.2
2017-10-14,10.2
2017-10-15,10.2
2017-10-16,10.2
2017-10-17,10.2
2017-10-18,10.2
2017-10-19,10.2
2017-10-20,10.2
2017-10-21,10.2142857142857
2017-10-22,10.2285714285714
2017-10-23,10.2428571428571
2017-10-24,10.2571428571429
2017-10-25,10.2714285714286
2017-10-26,10.2857142857143
2017-10-27,10.3
2017-10-28,10.3
2017-10-29,10.3
2017-10-30,10.3
2017-10-31,10.3
2017-11-01,10.3
2017-11-02,10.3
2017-11-03,10.3
2017-11-04,10.3
2017-11-05,10.3
2017-11-06,10.3
2017-11-07,10.3
2017-11-08,10.3
2017-11-09,10.3
2017-11-10,10.3
2017-11-11,10.3
2017-11-12,10.3
2017-11-13,10.3
2017-11-14,10.3
2017-11-15,10.3058823529412
2017-11-16,10.3117647058824
2017-11-17,10.3176470588235
2017-11-18,10.3235294117647
2017-11-19,10.3294117647059
2017-11-20,10.3352941176471
2017-11-21,10.3411764705882
2017-11-22,10.3470588235294
2017-11-23,10.3529411764706
2017-11-24,10.3588235294118
2017-11-25,10.3647058823529
2017-11-26,10.3705882352941
2017-11-27,10.3764705882353
2017-11-28,10.3823529411765
2017-11-29,10.3882352941176
2017-11-30,10.3941176470588
2017-12-01,10.4
2017-12-02,10.4
2017-12-03,10.4
2017-12-04,10.4
2017-12-05,10.4
2017-12-06,10.4
2017-12-07,10.4
2017-12-08,10.4
2017-12-09,10.4
2017-12-10,10.4
2017-12-11,10.4
2017-12-12,10.4
2017-12-13,10.4
2017-12-14,10.4
2017-12-15,10.4
2017-12-16,10.4
2017-12-17,10.4
2017-12-18,10.4
2017-12-19,10.4
2017-12-20,10.4
2017-12-21,10.4
2017-12-22,10.4
2017-12-23,10.4
2017-12-24,10.4
2017-12-25,10.4
2017-12-26,10.4
2017-12-27,10.4
2017-12-28,10.4
2017-12-29,10.4
2017-12-30,10.4
2017-12-31,10.4
2018-01-01,10.4
2018-01-02,10.4
2018-01-03,10.4
2018-01-04,10.4
2018-01-05,10.4
2018-01-06,10.4105263157895
2018-01-07,10.4210526315789
2018-01-08,10.4315789473684
2018-01-09,10.4421052631579
2018-01-10,10.4526315789474
2018-01-11,10.4631578947368
2018-01-12,10.4736842105263
2018-01-13,10.4842105263158
2018-01-14,10.4947368421053
2018-01-15,10.5052631578947
2018-01-16,10.5157894736842
2018-01-17,10.5263157894737
2018-01-18,10.5368421052632
2018-01-19,10.5473684210526
2018-01-20,10.5578947368421
2018-01-21,10.5684210526316
2018-01-22,10.5789473684211
2018-01-23,10.5894736842105
2018-01-24,10.6
2018-01-25,10.6
2018-01-26,10.6
2018-01-27,10.6
2018-01-28,10.6
2018-01-29,10.6
2018-01-30,10.6
2018-01-31,10.6
2018-02-01,10.6
2018-02-02,10.6
2018-02-03,10.6
2018-02-04,10.6
2018-02-05,10.6
2018-02-06,10.6
2018-02-07,10.6
2018-02-08,10.6
2018-02-09,10.6
2018-02-10,10.6
2018-02-11,10.6
2018-02-12,10.6
2018-02-13,10.6
2018-02-14,10.6
2018-02-15,10.6
2018-02-16,10.6
2018-02-17,10.6142857142857
2018-02-18,10.6285714285714
2018-02-19,10.6428571428571
2018-02-20,10.6571428571429
2018-02-21,10.6714285714286
2018-02-22,10.6857142857143
2018-02-23,10.7
2018-02-24,10.7142857142857
2018-02-25,10.7285714285714
2018-02-26,10.7428571428571
2018-02-27,10.7571428571429
2018-02-28,10.7714285714286
2018-03-01,10.7857142857143
2018-03-02,10.8
2018-03-03,10.85
2018-03-04,10.9
2018-03-05,10.95
2018-03-06,11
2018-03-07,11.05
2018-03-08,11.1
2018-03-09,11.1
2018-03-10,11.1
2018-03-11,11.1
2018-03-12,11.1
2018-03-13,11.1
2018-03-14,11.1
2018-03-15,11.1
2018-03-16,11.1125
2018-03-17,11.125
2018-03-18,11.1375
2018-03-19,11.15
2018-03-20,11.1625
2018-03-21,11.175
2018-03-22,11.1875
2018-03-23,11.2
2018-03-24,11.2
2018-03-25,11.2
2018-03-26,11.2
2018-03-27,11.2
2018-03-28,11.2
2018-03-29,11.2
2018-03-30,11.1857142857143
2018-03-31,11.1714285714286
2018-04-01,11.1571428571429
2018-04-02,11.1428571428571
2018-04-03,11.1285714285714
2018-04-04,11.1142857142857
2018-04-05,11.1
2018-04-06,11.1
2018-04-07,11.1
2018-04-08,11.1
2018-04-09,11.1
2018-04-10,11.1
2018-04-11,11.1
2018-04-12,11.1
2018-04-13,11.1
2018-04-14,11.1
2018-04-15,11.1
2018-04-16,11.1
2018-04-17,11.1
2018-04-18,11.1
2018-04-19,11.1
2018-04-20,11.1
2018-04-21,11.1333333333333
2018-04-22,11.1666666666667
2018-04-23,11.2
2018-04-24,11.2333333333333
2018-04-25,11.2666666666667
2018-04-26,11.3
2018-04-27,11.2875
2018-04-28,11.275
2018-04-29,11.2625
2018-04-30,11.25
2018-05-01,11.2375
2018-05-02,11.225
2018-05-03,11.2125
2018-05-04,11.2
2018-05-05,11.2
2018-05-06,11.2
2018-05-07,11.2
2018-05-08,11.2
2018-05-09,11.2
2018-05-10,11.2
2018-05-11,11.2
2018-05-12,11.2083333333333
2018-05-13,11.2166666666667
2018-05-14,11.225
2018-05-15,11.2333333333333
2018-05-16,11.2416666666667
2018-05-17,11.25
2018-05-18,11.5
2018-05-19,11.55
2018-05-20,11.6
2018-05-21,11.65
2018-05-22,11.7
2018-05-23,11.75
2018-05-24,11.8
2018-05-25,11.8
2018-05-26,11.8
2018-05-27,11.8
2018-05-28,11.8
2018-05-29,11.8
2018-05-30,11.8
2018-05-31,11.8
2018-06-01,11.8
2018-06-02,11.7666666666667
2018-06-03,11.7333333333333
2018-06-04,11.7
2018-06-05,11.6666666666667
2018-06-06,11.6333333333333
2018-06-07,11.6
2018-06-08,11.5857142857143
2018-06-09,11.5714285714286
2018-06-10,11.5571428571429
2018-06-11,11.5428571428571
2018-06-12,11.5285714285714
2018-06-13,11.5142857142857
2018-06-14,11.5
2018-06-15,11.5
2018-06-16,11.4666666666667
2018-06-17,11.4333333333333
2018-06-18,11.4
2018-06-19,11.3666666666667
2018-06-20,11.3333333333333
2018-06-21,11.3
2018-06-22,11.2857142857143
2018-06-23,11.2714285714286
2018-06-24,11.2571428571429
2018-06-25,11.2428571428571
2018-06-26,11.2285714285714
2018-06-27,11.2142857142857
2018-06-28,11.2
2018-06-29,11.175
2018-06-30,11.15
2018-07-01,11.125
2018-07-02,11.1
2018-07-03,11.1
2018-07-04,11.1
2018-07-05,11.1
2018-07-06,11.0857142857143
2018-07-07,11.0714285714286
2018-07-08,11.0571428571429
2018-07-09,11.0428571428571
2018-07-10,11.0285714285714
2018-07-11,11.0142857142857
2018-07-12,11
2018-07-13,11
2018-07-14,10.975
2018-07-15,10.95
2018-07-16,10.925
2018-07-17,10.9
2018-07-18,10.9055555555556
2018-07-19,10.9111111111111
2018-07-20,10.9166666666667
2018-07-21,10.9222222222222
2018-07-22,10.9277777777778
2018-07-23,10.9333333333333
2018-07-24,10.9388888888889
2018-07-25,10.9444444444444
2018-07-26,10.95
2018-07-27,10.94375
2018-07-28,10.9375
2018-07-29,10.93125
2018-07-30,10.925
2018-07-31,10.91875
2018-08-01,10.9125
2018-08-02,10.90625
2018-08-03,10.9
2018-08-04,10.9
2018-08-05,10.9
2018-08-06,10.9
2018-08-07,10.9
2018-08-08,10.9
2018-08-09,10.9
2018-08-10,10.9
2018-08-11,10.9
2018-08-12,10.9
2018-08-13,10.9
2018-08-14,10.9
2018-08-15,10.85
2018-08-16,10.8
2018-08-17,10.8
2018-08-18,10.8
2018-08-19,10.8
2018-08-20,10.8
2018-08-21,10.8
2018-08-22,10.8
2018-08-23,10.75
2018-08-24,10.7
2018-08-25,10.7
2018-08-26,10.7
2018-08-27,10.7
2018-08-28,10.7
2018-08-29,10.7
2018-08-30,10.7
2018-08-31,10.7
2018-09-01,10.6428571428571
2018-09-02,10.5857142857143
2018-09-03,10.5285714285714
2018-09-04,10.4714285714286
2018-09-05,10.4142857142857
2018-09-06,10.3571428571429
2018-09-07,10.3
2018-09-08,10.3333333333333
2018-09-09,10.3666666666667
2018-09-10,10.4
2018-09-11,10.45
2018-09-12,10.5
2018-09-13,10.54
2018-09-14,10.58
2018-09-15,10.62
2018-09-16,10.66
2018-09-17,10.7
2018-09-18,10.75
2018-09-19,10.8
2018-09-20,10.85
2018-09-21,10.9
2018-09-22,10.9333333333333
2018-09-23,10.9666666666667
2018-09-24,11
2018-09-25,11.025
2018-09-26,11.05
2018-09-27,11.075
2018-09-28,11.1
2018-09-29,11.08
2018-09-30,11.06
2018-10-01,11.04
2018-10-02,11.02
2018-10-03,11
2018-10-04,11.05
2018-10-05,11.1
2018-10-06,11.0666666666667
2018-10-07,11.0333333333333
2018-10-08,11
2018-10-09,11.075
2018-10-10,11.15
2018-10-11,11.225
2018-10-12,11.3
2018-10-13,11.3
2018-10-14,11.3
2018-10-15,11.3
2018-10-16,11.3
2018-10-17,11.3
2018-10-18,11.3
2018-10-19,11.2
2018-10-20,11.18
2018-10-21,11.16
2018-10-22,11.14
2018-10-23,11.12
2018-10-24,11.1
2018-10-25,11.1
2018-10-26,11.1
2018-10-27,11.1
2018-10-28,11.1
2018-10-29,11.1
2018-10-30,11.1
2018-10-31,11.1
2018-11-01,11.1
2018-11-02,11.1
2018-11-03,11.1
2018-11-04,11.1
2018-11-05,11.1
2018-11-06,11.1
2018-11-07,11.1
2018-11-08,11.1
2018-11-09,11.1
2018-11-10,11.1
2018-11-11,11.1
2018-11-12,11.1
2018-11-13,11.1
2018-11-14,11.1
2018-11-15,11.2
2018-11-16,11.3
2018-11-17,11.275
2018-11-18,11.25
2018-11-19,11.225
2018-11-20,11.2
2018-11-21,11.1888888888889
2018-11-22,11.1777777777778
2018-11-23,11.1666666666667
2018-11-24,11.1555555555556
2018-11-25,11.1444444444444
2018-11-26,11.1333333333333
2018-11-27,11.1222222222222
2018-11-28,11.1111111111111
2018-11-29,11.1
2018-11-30,11.1
2018-12-01,11.1
2018-12-02,11.1
2018-12-03,11.1
2018-12-04,11.1
2018-12-05,11.1
2018-12-06,11.1
2018-12-07,11.1
2018-12-08,11.1
2018-12-09,11.1
2018-12-10,11.1
2018-12-11,11.1
2018-12-12,11.1
2018-12-13,11.1
2018-12-14,11.1
2018-12-15,11.1
2018-12-16,11.1
2018-12-17,11.1
2018-12-18,11.1
2018-12-19,11.1
2018-12-20,11.1375
2018-12-21,11.175
2018-12-22,11.2125
2018-12-23,11.25
2018-12-24,11.2875
2018-12-25,11.325
2018-12-26,11.3625
2018-12-27,11.4
2018-12-28,11.4
2018-12-29,11.4
2018-12-30,11.4
2018-12-31,11.4
2019-01-01,11.4
2019-01-02,11.4
2019-01-03,11.4
2019-01-04,11.4
2019-01-05,11.4
2019-01-06,11.4
2019-01-07,11.4
2019-01-08,11.4
2019-01-09,11.4
2019-01-10,11.4
2019-01-11,11.4
2019-01-12,11.3833333333333
2019-01-13,11.3666666666667
2019-01-14,11.35
2019-01-15,11.3333333333333
2019-01-16,11.3166666666667
2019-01-17,11.3
2019-01-18,11.3
2019-01-19,11.3
2019-01-20,11.3
2019-01-21,11.3
2019-01-22,11.3
2019-01-23,11.3
2019-01-24,11.3
2019-01-25,11.2875
2019-01-26,11.275
2019-01-27,11.2625
2019-01-28,11.25
2019-01-29,11.2375
2019-01-30,11.225
2019-01-31,11.2125
2019-02-01,11.2
2019-02-02,11.2
2019-02-03,11.2
2019-02-04,11.2
2019-02-05,11.2
2019-02-06,11.2
2019-02-07,11.2
2019-02-08,11.2
2019-02-09,11.2
2019-02-10,11.2
2019-02-11,11.2
2019-02-12,11.2
2019-02-13,11.2333333333333
2019-02-14,11.2666666666667
2019-02-15,11.3
2019-02-16,11.3333333333333
2019-02-17,11.3666666666667
2019-02-18,11.4
2019-02-19,11.4333333333333
2019-02-20,11.4666666666667
2019-02-21,11.5
2019-02-22,11.5333333333333
2019-02-23,11.5666666666667
2019-02-24,11.6
2019-02-25,11.6333333333333
2019-02-26,11.6666666666667
2019-02-27,11.7
2019-02-28,11.7
2019-03-01,11.7
2019-03-02,11.7
2019-03-03,11.7
2019-03-04,11.7
2019-03-05,11.7
2019-03-06,11.7
2019-03-07,11.7
2019-03-08,11.7
2019-03-09,11.7
2019-03-10,11.7
2019-03-11,11.7
2019-03-12,11.7
2019-03-13,11.7
2019-03-14,11.6888888888889
2019-03-15,11.6777777777778
2019-03-16,11.6666666666667
2019-03-17,11.6555555555556
2019-03-18,11.6444444444444
2019-03-19,11.6333333333333
2019-03-20,11.6222222222222
2019-03-21,11.6111111111111
2019-03-22,11.6
2019-03-23,11.5666666666667
2019-03-24,11.5333333333333
2019-03-25,11.5
2019-03-26,11.4666666666667
2019-03-27,11.4333333333333
2019-03-28,11.4
2019-03-29,11.3857142857143
2019-03-30,11.3714285714286
2019-03-31,11.3571428571429
2019-04-01,11.3428571428571
2019-04-02,11.3285714285714
2019-04-03,11.3142857142857
2019-04-04,11.3
2019-04-05,11.275
2019-04-06,11.25
2019-04-07,11.225
2019-04-08,11.2
2019-04-09,11.2333333333333
2019-04-10,11.2666666666667
2019-04-11,11.3
2019-04-12,11.3285714285714
2019-04-13,11.3571428571429
2019-04-14,11.3857142857143
2019-04-15,11.4142857142857
2019-04-16,11.4428571428571
2019-04-17,11.4714285714286
2019-04-18,11.5
2019-04-19,11.5
2019-04-20,11.5
2019-04-21,11.5
2019-04-22,11.5
2019-04-23,11.5
2019-04-24,11.5
2019-04-25,11.5
2019-04-26,11.5
2019-04-27,11.4666666666667
2019-04-28,11.4333333333333
2019-04-29,11.4
2019-04-30,11.4
2019-05-01,11.4
2019-05-02,11.4
2019-05-03,11.3714285714286
2019-05-04,11.3428571428571
2019-05-05,11.3142857142857
2019-05-06,11.2857142857143
2019-05-07,11.2571428571429
2019-05-08,11.2285714285714
2019-05-09,11.2
2019-05-10,11.2
2019-05-11,11.2
2019-05-12,11.2
2019-05-13,11.2
2019-05-14,11.2
2019-05-15,11.2
2019-05-16,11.2
2019-05-17,11.2
2019-05-18,11.2
2019-05-19,11.2
2019-05-20,11.2
2019-05-21,11.2
2019-05-22,11.2
2019-05-23,11.2
2019-05-24,11.1
2019-05-25,11.1
2019-05-26,11.1
2019-05-27,11.1
2019-05-28,11.1
2019-05-29,11.1
2019-05-30,11.1
2019-05-31,11.1
2019-06-01,11.1
2019-06-02,11.1
2019-06-03,11.1
2019-06-04,11.1
2019-06-05,11.1
2019-06-06,11.1
2019-06-07,11.1142857142857
2019-06-08,11.1285714285714
2019-06-09,11.1428571428571
2019-06-10,11.1571428571429
2019-06-11,11.1714285714286
2019-06-12,11.1857142857143
2019-06-13,11.2
2019-06-14,11.1857142857143
2019-06-15,11.1714285714286
2019-06-16,11.1571428571429
2019-06-17,11.1428571428571
2019-06-18,11.1285714285714
2019-06-19,11.1142857142857
2019-06-20,11.1
2019-06-21,11.1
2019-06-22,11.1
2019-06-23,11.1
2019-06-24,11.1
2019-06-25,11.1
2019-06-26,11.1
2019-06-27,11.1
2019-06-28,11.1083333333333
2019-06-29,11.1166666666667
2019-06-30,11.125
2019-07-01,11.1333333333333
2019-07-02,11.1416666666667
2019-07-03,11.15
2019-07-04,11.14375
2019-07-05,11.1375
2019-07-06,11.13125
2019-07-07,11.125
2019-07-08,11.11875
2019-07-09,11.1125
2019-07-10,11.10625
2019-07-11,11.1
2019-07-12,11.0857142857143
2019-07-13,11.0714285714286
2019-07-14,11.0571428571429
2019-07-15,11.0428571428571
2019-07-16,11.0285714285714
2019-07-17,11.0142857142857
2019-07-18,11
2019-07-19,11.0026857142857
2019-07-20,11.0053714285714
2019-07-21,11.0080571428571
2019-07-22,11.0107428571429
2019-07-23,11.0134285714286
2019-07-24,11.0161142857143
2019-07-25,11.0188
2019-07-26,11.0161142857143
2019-07-27,11.0134285714286
2019-07-28,11.0107428571429
2019-07-29,11.0080571428571
2019-07-30,11.0053714285714
2019-07-31,11.0026857142857
2019-08-01,11
2019-08-02,11
2019-08-03,11.025
2019-08-04,11.05
2019-08-05,11.075
2019-08-06,11.1
2019-08-07,11.1
2019-08-08,11.1
2019-08-09,11.0833333333333
2019-08-10,11.0666666666667
2019-08-11,11.05
2019-08-12,11.0333333333333
2019-08-13,11.0166666666667
2019-08-14,11
2019-08-15,11
2019-08-16,11
2019-08-17,11
2019-08-18,11
2019-08-19,11
2019-08-20,11
2019-08-21,11
2019-08-22,11
2019-08-23,11
2019-08-24,11
2019-08-25,11
2019-08-26,11
2019-08-27,11
2019-08-28,11
2019-08-29,10.9857142857143
2019-08-30,10.9714285714286
2019-08-31,10.9571428571429
2019-09-01,10.9428571428571
2019-09-02,10.9285714285714
2019-09-03,10.9142857142857
2019-09-04,10.9
2019-09-05,10.9
2019-09-06,10.9
2019-09-07,10.9
2019-09-08,10.9
2019-09-09,10.9
2019-09-10,10.9
2019-09-11,10.9
2019-09-12,10.8875
2019-09-13,10.875
2019-09-14,10.8625
2019-09-15,10.85
2019-09-16,10.8375
2019-09-17,10.825
2019-09-18,10.8125
2019-09-19,10.8
2019-09-20,10.7
2019-09-21,10.6833333333333
2019-09-22,10.6666666666667
2019-09-23,10.65
2019-09-24,10.6333333333333
2019-09-25,10.6166666666667
2019-09-26,10.6
2019-09-27,10.5857142857143
2019-09-28,10.5714285714286
2019-09-29,10.5571428571429
2019-09-30,10.5428571428571
2019-10-01,10.5285714285714
2019-10-02,10.5142857142857
2019-10-03,10.5
2019-10-04,10.5
2019-10-05,10.4909090909091
2019-10-06,10.4818181818182
2019-10-07,10.4727272727273
2019-10-08,10.4636363636364
2019-10-09,10.4545454545455
2019-10-10,10.4454545454545
2019-10-11,10.4363636363636
2019-10-12,10.4272727272727
2019-10-13,10.4181818181818
2019-10-14,10.4090909090909
2019-10-15,10.4
2019-10-16,10.3666666666667
2019-10-17,10.3333333333333
2019-10-18,10.3
2019-10-19,10.3333333333333
2019-10-20,10.3666666666667
2019-10-21,10.4
2019-10-22,10.4333333333333
2019-10-23,10.4666666666667
2019-10-24,10.5
2019-10-25,10.48
2019-10-26,10.46
2019-10-27,10.44
2019-10-28,10.42
2019-10-29,10.4
2019-10-30,10.4
2019-10-31,10.4
2019-11-01,10.4
2019-11-02,10.4
2019-11-03,10.4
2019-11-04,10.4
2019-11-05,10.4
2019-11-06,10.4
2019-11-07,10.4
2019-11-08,10.4
2019-11-09,10.4
2019-11-10,10.4
2019-11-11,10.4
2019-11-12,10.4
2019-11-13,10.3776666666667
2019-11-14,10.3553333333333
2019-11-15,10.333
2019-11-16,10.3209090909091
2019-11-17,10.3088181818182
2019-11-18,10.2967272727273
2019-11-19,10.2846363636364
2019-11-20,10.2725454545455
2019-11-21,10.2604545454545
2019-11-22,10.2483636363636
2019-11-23,10.2362727272727
2019-11-24,10.2241818181818
2019-11-25,10.2120909090909
2019-11-26,10.2
2019-11-27,10.2111111111111
2019-11-28,10.2222222222222
2019-11-29,10.2333333333333
2019-11-30,10.2444444444444
2019-12-01,10.2555555555556
2019-12-02,10.2666666666667
2019-12-03,10.2777777777778
2019-12-04,10.2888888888889
2019-12-05,10.3
2019-12-06,10.3
2019-12-07,10.2833333333333
2019-12-08,10.2666666666667
2019-12-09,10.25
2019-12-10,10.2333333333333
2019-12-11,10.2166666666667
2019-12-12,10.2
2019-12-13,10.2166666666667
2019-12-14,10.2333333333333
2019-12-15,10.25
2019-12-16,10.2666666666667
2019-12-17,10.2833333333333
2019-12-18,10.3
2019-12-19,10.2875
2019-12-20,10.275
2019-12-21,10.2625
2019-12-22,10.25
2019-12-23,10.2375
2019-12-24,10.225
2019-12-25,10.2125
2019-12-26,10.2
2019-12-27,10.2
2019-12-28,10.2
2019-12-29,10.2
2019-12-30,10.2
2019-12-31,10.2
2020-01-01,10.2
2020-01-02,10.2
2020-01-03,10.2
2020-01-04,10.2
2020-01-05,10.2
2020-01-06,10.2
2020-01-07,10.2111111111111
2020-01-08,10.2222222222222
2020-01-09,10.2333333333333
2020-01-10,10.2444444444444
2020-01-11,10.2555555555556
2020-01-12,10.2666666666667
2020-01-13,10.2777777777778
2020-01-14,10.2888888888889
2020-01-15,10.3
2020-01-16,10.3
2020-01-17,10.3
2020-01-18,10.3
2020-01-19,10.3
2020-01-20,10.3
2020-01-21,10.3
2020-01-22,10.3
2020-01-23,10.3
2020-01-24,10.2857142857143
2020-01-25,10.2714285714286
2020-01-26,10.2571428571429
2020-01-27,10.2428571428571
2020-01-28,10.2285714285714
2020-01-29,10.2142857142857
2020-01-30,10.2
2020-01-31,10.2166666666667
2020-02-01,10.2333333333333
2020-02-02,10.25
2020-02-03,10.2666666666667
2020-02-04,10.2833333333333
2020-02-05,10.3
2020-02-06,10.35
2020-02-07,10.4
2020-02-08,10.45
2020-02-09,10.5
2020-02-10,10.55
2020-02-11,10.6
2020-02-12,10.65
2020-02-13,10.7
2020-02-14,10.7
2020-02-15,10.7
2020-02-16,10.7
2020-02-17,10.7
2020-02-18,10.7
2020-02-19,10.7
2020-02-20,10.7
2020-02-21,10.7
2020-02-22,10.6857142857143
2020-02-23,10.6714285714286
2020-02-24,10.6571428571429
2020-02-25,10.6428571428571
2020-02-26,10.6285714285714
2020-02-27,10.6142857142857
2020-02-28,10.6
2020-02-29,10.6333333333333
2020-03-01,10.6666666666667
2020-03-02,10.7
2020-03-03,10.7333333333333
2020-03-04,10.7666666666667
2020-03-05,10.8
2020-03-06,10.775
2020-03-07,10.75
2020-03-08,10.725
2020-03-09,10.7
2020-03-10,10.7150628571429
2020-03-11,10.7301257142857
2020-03-12,10.7451885714286
2020-03-13,10.7602514285714
2020-03-14,10.7753142857143
2020-03-15,10.7903771428571
2020-03-16,10.80544
2020-03-17,10.9
2020-03-18,10.8714285714286
2020-03-19,10.8428571428571
2020-03-20,10.8142857142857
2020-03-21,10.7857142857143
2020-03-22,10.7571428571429
2020-03-23,10.7285714285714
2020-03-24,10.7
2020-03-25,10.7333333333333
2020-03-26,10.7666666666667
2020-03-27,10.8
2020-03-28,10.8333333333333
2020-03-29,10.8666666666667
2020-03-30,10.9
2020-03-31,10.9333333333333
2020-04-01,10.9666666666667
2020-04-02,11
2020-04-03,10.9833333333333
2020-04-04,10.9666666666667
2020-04-05,10.95
2020-04-06,10.9333333333333
2020-04-07,10.9166666666667
2020-04-08,10.9
2020-04-09,10.95
2020-04-10,11
2020-04-11,11.05
2020-04-12,11.1
2020-04-13,11.15
2020-04-14,11.2
2020-04-15,11.25
2020-04-16,11.3
2020-04-17,11.28
2020-04-18,11.26
2020-04-19,11.24
2020-04-20,11.22
2020-04-21,11.2
2020-04-22,11.2142857142857
2020-04-23,11.2285714285714
2020-04-24,11.2428571428571
2020-04-25,11.2571428571429
2020-04-26,11.2714285714286
2020-04-27,11.2857142857143
2020-04-28,11.3
2020-04-29,11.3
2020-04-30,11.3
2020-05-01,11.3
2020-05-02,11.3
2020-05-03,11.3
2020-05-04,11.3
2020-05-05,11.3
2020-05-06,11.3
2020-05-07,11.3
2020-05-08,11.2857142857143
2020-05-09,11.2714285714286
2020-05-10,11.2571428571429
2020-05-11,11.2428571428571
2020-05-12,11.2285714285714
2020-05-13,11.2142857142857
2020-05-14,11.2
2020-05-15,11.275
2020-05-16,11.35
2020-05-17,11.425
2020-05-18,11.5
2020-05-19,11.575
2020-05-20,11.65
2020-05-21,11.725
2020-05-22,11.8
2020-05-23,11.825
2020-05-24,11.85
2020-05-25,11.875
2020-05-26,11.9
2020-05-27,11.9
2020-05-28,11.9
2020-05-29,11.9
2020-05-30,11.9
2020-05-31,11.9
2020-06-01,11.9
2020-06-02,11.9
2020-06-03,11.9
2020-06-04,11.9
2020-06-05,11.9
2020-06-06,11.9
2020-06-07,11.9
2020-06-08,11.9
2020-06-09,11.9
2020-06-10,11.9
2020-06-11,11.9
2020-06-12,11.9
2020-06-13,11.9
2020-06-14,11.9
2020-06-15,11.9
2020-06-16,11.9
2020-06-17,11.9
2020-06-18,12.1809113071062
2020-06-19,12.2064867934593
2020-06-20,12.2287586383061
2020-06-21,12.2353369357401
2020-06-22,12.2352494176645
2020-06-23,12.23082610613
2020-06-24,12.2233790068077
2020-06-25,12.2264132462704
2020-06-26,12.2328766365972
2020-06-27,12.2163699302778
2020-06-28,12.1989751529167
2020-06-29,12.17970485875
2020-06-30,12.1589282263194
2020-07-01,12.1370067565278
2020-07-02,12.099267544
2020-07-03,12.0585203546528
2020-07-04,12.0334715507639
2020-07-05,12.0088593582639
2020-07-06,11.9837783227778
2020-07-07,11.9567040708333
2020-07-08,11.9284802735417
2020-07-09,11.9009133489583
2020-07-10,11.8755383902778
2020-07-11,11.8620652204861
2020-07-12,11.8321931210417
2020-07-13,11.8056232754861
2020-07-14,11.7729466649306
2020-07-15,11.7381322665278
2020-07-16,11.705388223125
2020-07-17,11.6751264472917
2020-07-18,11.6425477628472
2020-07-19,11.6079346489583
2020-07-20,11.5725370397222
2020-07-21,11.5396692849306
2020-07-22,11.5139030563889
2020-07-23,11.5136364977622
2020-07-24,11.5341628968056
2020-07-25,11.5023439364583
2020-07-26,11.4671951986111
2020-07-27,11.4318389472222
2020-07-28,11.39546272875
2020-07-29,11.3620992592361
2020-07-30,11.3285172667361
2020-07-31,11.3144821082639
2020-08-01,11.2865544795139
2020-08-02,11.2644327392361
2020-08-03,11.242440939375
2020-08-04,11.2220122633333
2020-08-05,11.2016324054861
2020-08-06,11.1935729830986
2020-08-07,11.1760886111806
2020-08-08,11.1616001098611
2020-08-09,11.1479131975
2020-08-10,11.1345748209722
2020-08-11,11.1220408581944
2020-08-12,11.1111335347552
2020-08-13,11.0957327259124
2020-08-14,11.09539423625
2020-08-15,11.1156432845139
2020-08-16,11.1378949652083
2020-08-17,11.1149734874453
2020-08-18,11.0910581810417
2020-08-19,11.0803005776389
2020-08-20,11.066356422766
2020-08-21,11.0585854625
2020-08-22,11.0538549504861
2020-08-23,11.0467789197917
2020-08-24,11.0387855561111
2020-08-25,11.0309463246528
2020-08-26,11.0125420438732
2020-08-27,11.0051391728472
2020-08-28,11.0021477909028
2020-08-29,10.9992373138889
2020-08-30,10.9901204798611
2020-08-31,11.0236853063194
2020-09-01,11.0689869248611
2020-09-02,11.0666848645139
2020-09-03,11.05858415875
2020-09-04,11.0476141165278
2020-09-05,11.0336369749306
2020-09-06,11.021527020625
2020-09-07,11.0105785627083
2020-09-08,10.9994133201389
2020-09-09,11.004668371087
2020-09-10,11.013598916875
2020-09-11,11.0054483064583
2020-09-12,10.999055585625
2020-09-13,10.9918339695139
2020-09-14,10.9829826659028
2020-09-15,10.9711418635417
2020-09-16,10.9234776129545
2020-09-17,10.9036598359722
2020-09-18,10.9310447425694
2020-09-19,10.9217802226389
2020-09-20,10.9106138211806
2020-09-21,10.8983477790278
2020-09-22,10.888287681875
2020-09-23,10.8788722890972
2020-09-24,10.8697990582639
2020-09-25,10.8908983688194
2020-09-26,10.926696156875
2020-09-27,10.9223501786806
2020-09-28,10.9205751230556
2020-09-29,10.9401083401389
2020-09-30,10.9796024767361
2020-10-01,10.9936880615789
2020-10-02,11.0229314490972
2020-10-03,11.0120750504167
2020-10-04,11.0034352440278
2020-10-05,11.0022508388889
2020-10-06,10.998015193125
2020-10-07,10.9894670838194
2020-10-08,10.978666239375
2020-10-09,10.9666700734722
2020-10-10,10.9658089465972
2020-10-11,10.9923417077083
2020-10-12,11.0218745424306
2020-10-13,11.0214459708333
2020-10-14,11.0216623443662
2020-10-15,11.0243443519444
2020-10-16,11.0188428890972
2020-10-17,11.0079691795139
2020-10-18,10.9992463677083
2020-10-19,10.9904359149306
2020-10-20,10.9825896577083
2020-10-21,10.9746068688889
2020-10-22,10.9621929959722
2020-10-23,10.9515344775694
2020-10-24,10.9444782204167
2020-10-25,10.9652972971528
2020-10-26,10.966660050274
2020-10-27,10.966660050274
2020-10-28,10.966660050274
2020-10-29,10.966660050274
2020-10-30,11.1171255960465
2020-10-31,11.1184860389583
2020-11-01,11.1323270835417
2020-11-02,11.1379093064583
2020-11-03,11.1329557807639
2020-11-04,11.1270996254861
2020-11-05,11.1226671652083
2020-11-06,11.1185302215972
2020-11-07,11.11404568375
2020-11-08,11.1099547335417
2020-11-09,11.10573297375
2020-11-10,11.096771853
2020-11-11,11.1729239753472
2020-11-12,11.3813325413889
2020-11-13,11.476743066875
2020-11-14,11.4803155591667
2020-11-15,11.4679281958333
2020-11-16,11.4446826230556
2020-11-17,11.41637879
2020-11-18,11.3854120475694
2020-11-19,11.3544608052778
2020-11-20,11.3256164954167
2020-11-21,11.3004081994444
2020-11-22,11.2799535932639
2020-11-23,11.26289742875
2020-11-24,11.2458589372917
2020-11-25,11.2323835945833
2020-11-26,11.2231384136111
2020-11-27,11.2133030684722
2020-11-28,11.2030119178472
2020-11-29,11.1929304536806
2020-11-30,11.2365931136111
2020-12-01,11.2428306881944
2020-12-02,11.233286006875
2020-12-03,11.2237367624306
2020-12-04,11.2228024806944
2020-12-05,11.2721189249306
2020-12-06,11.2760629135417
2020-12-07,11.2733115664583
2020-12-08,11.2648102472917
2020-12-09,11.2542056172222
2020-12-10,11.2435332645833
2020-12-11,11.2348267496528
2020-12-12,11.2274194215972
2020-12-13,11.2211288278472
2020-12-14,11.2460227027778
2020-12-15,11.258932725
2020-12-16,11.26705117625
2020-12-17,11.2776658017361
2020-12-18,11.2732502177778
2020-12-19,11.2668352607639
2020-12-20,11.2606662779167
2020-12-21,11.2543970511806
2020-12-22,11.24569314375
2020-12-23,11.2373656579167
2020-12-24,11.2423473590972
2020-12-25,11.2632848597917
2020-12-26,11.254362429375
2020-12-27,11.2445338202778
2020-12-28,11.2387808061111
2020-12-29,11.23287728125
2020-12-30,11.2262401797222
2020-12-31,11.2226132196528
2021-01-01,11.2252973511806
2021-01-02,11.2391439729167
2021-01-03,11.2432950404861
2021-01-04,11.241717358125
2021-01-05,11.2396233907639
2021-01-06,11.2357100402778
2021-01-07,11.2308012766667
2021-01-08,11.2299560120833
2021-01-09,11.2286024298611
2021-01-10,11.2217270318056
2021-01-11,11.2190375404167
2021-01-12,11.2163337077778
2021-01-13,11.2123146811111
2021-01-14,11.2072316495833
2021-01-15,11.2063865298611
2021-01-16,11.2073273303472
2021-01-17,11.2025534324306
2021-01-18,11.198856576875
2021-01-19,11.194266725
2021-01-20,11.1904951935417
2021-01-21,11.1879263714583
2021-01-22,11.1833521645833
2021-01-23,11.1776200828472
2021-01-24,11.1679395218056
2021-01-25,11.1714770301389
2021-01-26,11.2435787509722
2021-01-27,11.2588744184028
2021-01-28,11.2560685311111
2021-01-29,11.2625073177778
2021-01-30,11.252058703125
2021-01-31,11.254259433125
2021-02-01,11.2505883628472
2021-02-02,11.2428451743056
2021-02-03,11.2321003911111
2021-02-04,11.2334105874306
2021-02-05,11.2285493382639
2021-02-06,11.2242388510417
2021-02-07,11.2302683326389
2021-02-08,11.2276061475694
2021-02-09,11.2239984540278
2021-02-10,11.2222377396528
2021-02-11,11.2273145421528
2021-02-12,11.2505262898611
2021-02-13,11.2639374590972
2021-02-14,11.2759570925
2021-02-15,11.2909397875
2021-02-16,11.3362558921528
2021-02-17,11.3514110443056
2021-02-18,11.3687948122222
2021-02-19,11.3716716814583
2021-02-20,11.362320751875
2021-02-21,11.347317196875
2021-02-22,11.342280810625
2021-02-23,11.3374260802083
2021-02-24,11.3263904883333
2021-02-25,11.3183698183333
2021-02-26,11.3135746982639
2021-02-27,11.3216806914583
2021-02-28,11.3342706430556
2021-03-01,11.3468386481944
2021-03-02,11.3431121685417
2021-03-03,11.3355812739583
2021-03-04,11.3263680348611
2021-03-05,11.3143170390278
2021-03-06,11.3032056123611
2021-03-07,11.2934576184722
2021-03-08,11.2781264935821
2021-03-09,11.2647086996528
2021-03-10,11.2580633410417
2021-03-11,11.2526500261806
2021-03-12,11.2505448320833
2021-03-13,11.2450593039583
2021-03-14,11.2402406439583
2021-03-15,11.2341837836111
2021-03-16,11.2341926201389
2021-03-17,11.231566360625
2021-03-18,11.2456927091667
2021-03-19,11.2719230002778
2021-03-20,11.2688720079861
2021-03-21,11.2619095484028
2021-03-22,11.2548934902083
2021-03-23,11.2525086417361
2021-03-24,11.2546389692361
2021-03-25,11.2537264166667
2021-03-26,11.2659377013194
2021-03-27,11.2652447581944
2021-03-28,11.2838120413889
2021-03-29,11.2882811515278
2021-03-30,11.2822329828472
2021-03-31,11.2910331504861
2021-04-01,11.2960443309028
2021-04-02,11.2846593340278
2021-04-03,11.2740833140278
2021-04-04,11.2681100385417
2021-04-05,11.2369529299194
2021-04-06,11.2040594085417
2021-04-07,11.19960167
2021-04-08,11.195504635625
2021-04-09,11.1959891236111
2021-04-10,11.197289469375
2021-04-11,11.2160884579167
2021-04-12,11.2100064641667
2021-04-13,11.2025855915972
2021-04-14,11.1980318101389
2021-04-15,11.1999071096528
2021-04-16,11.1909770015972
2021-04-17,11.1845465444444
2021-04-18,11.1794239658333
2021-04-19,11.1836570972222
2021-04-20,11.179407234375
2021-04-21,11.1730875959722
2021-04-22,11.1660227920139
2021-04-23,11.1591776699306
2021-04-24,11.163435645
2021-04-25,11.1793041656944
2021-04-26,11.17340281375
2021-04-27,11.1675160203472
2021-04-28,11.1629075538194
2021-04-29,11.1580917910417
2021-04-30,11.1490055227083
2021-05-01,11.1378973554167
2021-05-02,11.1314395195139
2021-05-03,11.1378617658156
2021-05-04,11.1557419265278
2021-05-05,11.1767199883333
2021-05-06,11.1688651843056
2021-05-07,11.1639109343056
2021-05-08,11.157474248125
2021-05-09,11.1490592661806
2021-05-10,11.1419160923611
2021-05-11,11.1338433447917
2021-05-12,11.12564254
2021-05-13,11.1186401711806
2021-05-14,11.1101765513475
2021-05-15,11.1029933604167
2021-05-16,11.1018315743056
2021-05-17,11.1014840525
2021-05-18,11.0985094744444
2021-05-19,11.0941094630556
2021-05-20,11.0882355622917
2021-05-21,11.081399131875
2021-05-22,11.0779601290972
2021-05-23,11.0752204433333
2021-05-24,11.0706824517361
2021-05-25,11.0671145225694
2021-05-26,11.0638047359028
2021-05-27,11.0572969953472
2021-05-28,11.0602694729167
2021-05-29,11.0746296272917
2021-05-30,11.0851016370139
2021-05-31,11.0806499785
2021-06-01,11.0763164625
2021-06-02,11.0708018172917
2021-06-03,11.0800525029861
2021-06-04,11.0958083217361
2021-06-05,11.0872674554861
2021-06-06,11.0794386540278
2021-06-07,11.0766533370139
2021-06-08,11.0880786777083
2021-06-09,11.1109113238889
2021-06-10,11.1267671692361
2021-06-11,11.1467762550694
2021-06-12,11.1987870435417
2021-06-13,11.1971739426389
2021-06-14,11.2106791267361
2021-06-15,11.199037798125
2021-06-16,11.1837088850694
2021-06-17,11.1673383481944
2021-06-18,11.1540177895833
2021-06-19,11.1420020674306
2021-06-20,11.1321004483333
2021-06-21,11.122954859375
2021-06-22,11.1231819291667
2021-06-23,11.1188027777778
2021-06-24,11.1071815124306
2021-06-25,11.0971423477083
2021-06-26,11.0875815868056
2021-06-27,11.0863760526389
2021-06-28,11.1056256071831
2021-06-29,11.1023002724306
2021-06-30,11.0926389054861
2021-07-01,11.090129041875
2021-07-02,11.1016121821528
2021-07-03,11.0896160886806
2021-07-04,11.0757344829861
2021-07-05,11.0629658452083
2021-07-06,11.0508329304167
2021-07-07,11.0399287275694
2021-07-08,11.0358339385417
2021-07-09,11.0306784764583
2021-07-10,11.0195778419444
2021-07-11,11.0114637365278
2021-07-12,11.008207147
2021-07-13,11.0083077923611
2021-07-14,11.0030000088194
2021-07-15,11.0078638654861
2021-07-16,10.9965571660417
2021-07-17,10.9909300361806
2021-07-18,11.0007592247222
2021-07-19,10.9882779189583
2021-07-20,10.9761191464583
2021-07-21,10.9634334416667
2021-07-22,10.9473913773611
2021-07-23,10.9328082817361
2021-07-24,10.9194021826389
2021-07-25,10.9196075232639
2021-07-26,10.9356638563889
2021-07-27,10.9653277904167
2021-07-28,10.9527365350694
2021-07-29,10.9395939383333
2021-07-30,10.9253854535417
2021-07-31,10.9089789911111
2021-08-01,10.8996638422222
2021-08-02,10.8827032860417
2021-08-03,10.8665699592361
2021-08-04,10.8504406885417
2021-08-05,10.8336941646528
2021-08-06,10.817910605
2021-08-07,10.8037305854167
2021-08-08,10.7883284450694
2021-08-09,10.7687380001418
2021-08-10,10.7521178028472
2021-08-11,10.7419953429861
2021-08-12,10.73216948625
2021-08-13,10.7189939336111
2021-08-14,10.7067154334028
2021-08-15,10.7078303569444
2021-08-16,10.8123255572917
2021-08-17,10.8460106909028
2021-08-18,10.86921056
2021-08-19,10.8683359610417
2021-08-20,10.8809367772222
2021-08-21,10.8716550188194
2021-08-22,10.8589672135417
2021-08-23,10.8287001354745
2021-08-24,10.8023165515385
2021-08-25,10.7881026065972
2021-08-26,10.7730908669444
2021-08-27,10.7604330479167
2021-08-28,10.7473779472917
2021-08-29,10.7335662370833
2021-08-30,10.7233178929167
2021-08-31,10.7178718394444
2021-09-01,10.7833360241667
2021-09-02,10.7920040784722
2021-09-03,10.7766158447917
2021-09-04,10.7610577614583
2021-09-05,10.7474035152778
2021-09-06,10.717516491
2021-09-07,10.6861163282639
2021-09-08,10.6704485126389
2021-09-09,10.6707753193056
2021-09-10,10.6720076527778
2021-09-11,10.6546619109028
2021-09-12,10.6392589738194
2021-09-13,10.6233763291667
2021-09-14,10.6077085859722
2021-09-15,10.5926097123611
2021-09-16,10.5784334591667
2021-09-17,10.5649476140278
2021-09-18,10.5502330569444
2021-09-19,10.5343327392361
2021-09-20,10.5195012068056
2021-09-21,10.5201643809722
2021-09-22,10.7207162597917
2021-09-23,10.8761841014583
2021-09-24,10.88361830125
2021-09-25,10.8805742622917
2021-09-26,10.8732574724306
2021-09-27,10.8630186890972
2021-09-28,10.8540884361806
2021-09-29,10.843495395
2021-09-30,10.8325520072222
2021-10-01,10.8201116247222
2021-10-02,10.8093479371528
2021-10-03,10.8007877319444
2021-10-04,10.7994019905556
2021-10-05,10.7904980299306
2021-10-06,10.7881307820833
2021-10-07,10.7836224870139
2021-10-08,10.77546441625
2021-10-09,10.7686319695139
2021-10-10,10.758044360625
2021-10-11,10.7477976823611
2021-10-12,10.7265996692806
2021-10-13,10.7053358486111
2021-10-14,10.6943235069444
2021-10-15,10.6824393186806
2021-10-16,10.6733022765278
2021-10-17,10.6567947734722
2021-10-18,10.6392228309722
2021-10-19,10.623480411875
2021-10-20,10.6096676152083
2021-10-21,10.5972944482639
2021-10-22,10.5878949902083
2021-10-23,10.57316152875
2021-10-24,10.559132526875
2021-10-25,10.5493178244444
2021-10-26,10.533734527
2021-10-27,10.5052168872222
2021-10-28,10.4903820954167
2021-10-29,10.5258503244444
2021-10-30,10.5333213189583
2021-10-31,10.5254268229861
2021-11-01,10.5106668519444
2021-11-02,10.5029751615278
2021-11-03,10.4909745049306
2021-11-04,10.477479968125
2021-11-05,10.4654662015972
2021-11-06,10.4527266084722
2021-11-07,10.4408469833333
2021-11-08,10.4278740189583
2021-11-09,10.4121937760993
2021-11-10,10.3948277228472
2021-11-11,10.3830413158333
2021-11-12,10.4078885454861
2021-11-13,10.4025049995833
2021-11-14,10.3887400070833
2021-11-15,10.3770822367361
2021-11-16,10.3620988174306
2021-11-17,10.3506606565278
2021-11-18,10.3424560853472
2021-11-19,10.3295656918056
2021-11-20,10.3136161213194
2021-11-21,10.3031571490972
2021-11-22,10.3063559798582
2021-11-23,10.3019053318056
2021-11-24,10.2883711030556
2021-11-25,10.2765459456944
2021-11-26,10.2666983597917
2021-11-27,10.2529499538889
2021-11-28,10.2406632690278
2021-11-29,10.2276169325
2021-11-30,10.2140988557639
2021-12-01,10.2029656999306
2021-12-02,10.1926214577083
2021-12-03,10.1797440002639
2021-12-04,10.169325618125
2021-12-05,10.1569804528333
2021-12-06,10.1382683042128
2021-12-07,10.1192201878472
2021-12-08,10.1069351326736
2021-12-09,10.0948563886944
2021-12-10,10.0860742852361
2021-12-11,10.0836138554792
2021-12-12,10.0753939145347
2021-12-13,10.0631271263472
2021-12-14,10.0501633534097
2021-12-15,10.0377770548056
2021-12-16,10.0258509437361
2021-12-17,10.0162867568681
2021-12-18,10.0080730956528
2021-12-19,9.99945682195139
2021-12-20,9.99088367340278
2021-12-21,9.97779966574305
2021-12-22,9.94634322756944
2021-12-23,9.93833709438194
2021-12-24,9.93937579925
2021-12-25,9.93208790918056
2021-12-26,9.91996418582639
2021-12-27,9.90683795839583
2021-12-28,9.8953158939375
2021-12-29,9.88813607025694
2021-12-30,9.88347181047222
2021-12-31,9.87443876411111
2022-01-01,9.86994444813889
2022-01-02,9.89425785735417
2022-01-03,9.9280020798125
2022-01-04,9.93464423699305
2022-01-05,9.92850676868055
2022-01-06,9.924104062875
2022-01-07,9.92171834523611
2022-01-08,9.90966618327083
2022-01-09,9.90433598971528
2022-01-10,9.90681987972917
2022-01-11,9.89878029086806
2022-01-12,9.89301643384722
2022-01-13,9.88856816197917
2022-01-14,9.88537001977083
2022-01-15,9.87542182058333
2022-01-16,9.87840049096528
2022-01-17,9.904473759875
2022-01-18,9.89843964996528
2022-01-19,9.89047669263194
2022-01-20,9.88950694889583
2022-01-21,9.88364908425694
2022-01-22,9.87572934623611
2022-01-23,9.86847126134028
2022-01-24,9.86401070525
2022-01-25,9.85845097202083
2022-01-26,9.85236570440972
2022-01-27,9.84266118334028
2022-01-28,9.8380530153986
2022-01-29,9.84311669186111
2022-01-30,9.83348404363194
2022-01-31,9.82420588502778
2022-02-01,9.81411045625
2022-02-02,9.80591821275
2022-02-03,9.82995673352083
2022-02-04,9.922987270625
2022-02-05,9.99978241178472
2022-02-06,10.0228989495278
2022-02-07,10.0367048363194
2022-02-08,10.0471734128333
2022-02-09,10.0489843867708
2022-02-10,10.049995205875
2022-02-11,10.0488343830903
2022-02-12,10.0480752094653
2022-02-13,10.0508551521319
2022-02-14,10.0485664334931
2022-02-15,10.0415473984028
2022-02-16,10.0357597696736
2022-02-17,10.0342361856944
2022-02-18,9.97078110869444
2022-02-19,10.0082792837153
2022-02-20,10.0352145052083
2022-02-21,10.0297027427361
2022-02-22,10.0324472596181
2022-02-23,10.0403749722431
2022-02-24,10.057580944875
2022-02-25,10.0888952525694
2022-02-26,10.0983723344514
2022-02-27,10.1024286121528
2022-02-28,10.1021113156181
2022-03-01,10.1014721883958
2022-03-02,10.0996260566667
2022-03-03,10.0975101790625
2022-03-04,10.0917317562569
2022-03-05,10.08713343725
2022-03-06,10.0851974626597
2022-03-07,10.0840450635486
2022-03-08,10.0822526318333
2022-03-09,10.1071032222639
2022-03-10,10.1097137788333
2022-03-11,10.1074753052708
2022-03-12,10.1183664561319
2022-03-13,10.1217510345903
2022-03-14,10.121528578625
2022-03-15,10.1196545611319
2022-03-16,10.1208435159444
2022-03-17,10.1293549174444
2022-03-18,10.1278946377708
2022-03-19,10.1259276194444
2022-03-20,10.1202706337083
2022-03-21,10.1138144926806
2022-03-22,10.0838335996444
2022-03-23,10.0736008381875
2022-03-24,10.1126156003958
2022-03-25,10.1347959804514
2022-03-26,10.1426863333958
2022-03-27,10.1434668595486
2022-03-28,10.1414299167639
2022-03-29,10.1377219141458
2022-03-30,10.1353253029514
2022-03-31,10.1408303728403
2022-04-01,10.1430035140417
2022-04-02,10.1364540824583
2022-04-03,10.1307123457292
2022-04-04,10.1241166165347
2022-04-05,10.1253934223681
2022-04-06,10.1600230938819
2022-04-07,10.1773010262708
2022-04-08,10.1848103655208
2022-04-09,10.1905619745347
2022-04-10,10.1888433567986
2022-04-11,10.1864864810069
2022-04-12,10.1943664068794
2022-04-13,10.2090229948611
2022-04-14,10.2078344094444
2022-04-15,10.19849246125
2022-04-16,10.1932300192361
2022-04-17,10.1873857135972
2022-04-18,10.2075288104444
2022-04-19,10.2294517433333
2022-04-20,10.2250867159028
2022-04-21,10.2232485008333
2022-04-22,10.2224606736806
2022-04-23,10.2197157729167
2022-04-24,10.2168102211806
2022-04-25,10.2107408303472
2022-04-26,10.2091170097222
2022-04-27,10.2010183320139
2022-04-28,10.1894176876458
2022-04-29,10.1791192287778
2022-04-30,10.1799731343264
2022-05-01,10.1826148143056
2022-05-02,10.1813299572766
2022-05-03,10.1774180668056
2022-05-04,10.1772006085486
