"DateTime","Taxon","dens","sd"
2014-04-04,"Daphnia",0,NA
2014-04-04,"Ceriodaphnia",0,NA
2014-04-04,"Cyclopoida",5.80645161290323,NA
2014-04-04,"Nauplii",28.3870967741935,NA
2014-04-04,"Bosmina",1.93548387096774,NA
2014-04-04,"Conochilus",5.80645161290323,NA
2014-04-04,"Keratella",66.4516129032258,NA
2014-04-04,"Kellicottia",0,NA
2014-04-04,"Polyarthra",26.7741935483871,NA
2014-04-04,"Trichocerca",1.93548387096774,NA
2014-04-17,"Daphnia",13.5483870967742,NA
2014-04-17,"Ceriodaphnia",0,NA
2014-04-17,"Cyclopoida",24.1935483870968,NA
2014-04-17,"Nauplii",161.290322580645,NA
2014-04-17,"Bosmina",44.1935483870968,NA
2014-04-17,"Conochilus",2.90322580645161,NA
2014-04-17,"Keratella",62.258064516129,NA
2014-04-17,"Kellicottia",0,NA
2014-04-17,"Polyarthra",29.0322580645161,NA
2014-04-17,"Trichocerca",0,NA
2014-04-30,"Daphnia",26.7741935483871,0.289913780286484
2014-04-30,"Ceriodaphnia",0,NA
2014-04-30,"Cyclopoida",26.7741935483871,NA
2014-04-30,"Nauplii",281.935483870968,NA
2014-04-30,"Bosmina",67.0967741935484,NA
2014-04-30,"Conochilus",134.193548387097,NA
2014-04-30,"Keratella",47.0967741935484,NA
2014-04-30,"Kellicottia",0,NA
2014-04-30,"Polyarthra",13.5483870967742,NA
2014-04-30,"Trichocerca",0,NA
2014-05-14,"Daphnia",44.8387096774194,NA
2014-05-14,"Ceriodaphnia",0,NA
2014-05-14,"Cyclopoida",71.6129032258065,NA
2014-05-14,"Nauplii",195.161290322581,NA
2014-05-14,"Bosmina",12.5806451612903,NA
2014-05-14,"Conochilus",2067.09677419355,NA
2014-05-14,"Keratella",28.7096774193548,NA
2014-05-14,"Kellicottia",0,NA
2014-05-14,"Polyarthra",19.6774193548387,NA
2014-05-14,"Trichocerca",1.93548387096774,NA
2014-05-29,"Daphnia",6.7741935483871,NA
2014-05-29,"Ceriodaphnia",0,NA
2014-05-29,"Cyclopoida",26.7741935483871,NA
2014-05-29,"Nauplii",163.225806451613,NA
2014-05-29,"Bosmina",0,NA
2014-05-29,"Conochilus",134.193548387097,NA
2014-05-29,"Keratella",58.0645161290323,NA
2014-05-29,"Kellicottia",4.51612903225806,NA
2014-05-29,"Polyarthra",20,NA
2014-05-29,"Trichocerca",2.25806451612903,NA
2014-06-04,"Daphnia",44.8387096774194,NA
2014-06-04,"Ceriodaphnia",0,NA
2014-06-04,"Cyclopoida",105.483870967742,NA
2014-06-04,"Nauplii",534.193548387097,NA
2014-06-04,"Bosmina",0,NA
2014-06-04,"Conochilus",94.8387096774194,NA
2014-06-04,"Keratella",603.870967741935,NA
2014-06-04,"Kellicottia",28.7096774193548,NA
2014-06-04,"Polyarthra",9.03225806451613,NA
2014-06-04,"Trichocerca",0,NA
2014-06-18,"Daphnia",25.1612903225806,NA
2014-06-18,"Ceriodaphnia",0,NA
2014-06-18,"Cyclopoida",10.6451612903226,NA
2014-06-18,"Nauplii",57.4193548387097,NA
2014-06-18,"Bosmina",0,NA
2014-06-18,"Conochilus",91.2903225806452,NA
2014-06-18,"Keratella",148.387096774194,NA
2014-06-18,"Kellicottia",1.93548387096774,NA
2014-06-18,"Polyarthra",3.54838709677419,NA
2014-06-18,"Trichocerca",0,NA
2014-06-25,"Daphnia",87.741935483871,NA
2014-06-25,"Ceriodaphnia",0,NA
2014-06-25,"Cyclopoida",82.258064516129,NA
2014-06-25,"Nauplii",234.516129032258,NA
2014-06-25,"Bosmina",1.93548387096774,NA
2014-06-25,"Conochilus",148.387096774194,NA
2014-06-25,"Keratella",180.645161290323,NA
2014-06-25,"Kellicottia",98.3870967741935,NA
2014-06-25,"Polyarthra",14.1935483870968,NA
2014-06-25,"Trichocerca",1.93548387096774,NA
2014-07-02,"Daphnia",40.3225806451613,0.360624458405139
2014-07-02,"Ceriodaphnia",0.967741935483871,NA
2014-07-02,"Cyclopoida",24.8387096774194,NA
2014-07-02,"Nauplii",110.967741935484,NA
2014-07-02,"Bosmina",10.9677419354839,NA
2014-07-02,"Conochilus",7.74193548387097,NA
2014-07-02,"Keratella",253.548387096774,NA
2014-07-02,"Kellicottia",61.9354838709677,NA
2014-07-02,"Polyarthra",10.9677419354839,NA
2014-07-02,"Trichocerca",0,NA
2014-07-09,"Daphnia",6.45161290322581,0.0848528137423857
2014-07-09,"Ceriodaphnia",3.54838709677419,NA
2014-07-09,"Cyclopoida",21.6129032258065,NA
2014-07-09,"Nauplii",90.6451612903226,NA
2014-07-09,"Bosmina",0,NA
2014-07-09,"Conochilus",9.35483870967742,NA
2014-07-09,"Keratella",91.2903225806452,NA
2014-07-09,"Kellicottia",146.451612903226,NA
2014-07-09,"Polyarthra",2.25806451612903,NA
2014-07-09,"Trichocerca",0,NA
2014-07-23,"Daphnia",42.9032258064516,0.544472221513642
2014-07-23,"Ceriodaphnia",0,NA
2014-07-23,"Cyclopoida",141.290322580645,NA
2014-07-23,"Nauplii",472.58064516129,NA
2014-07-23,"Bosmina",3.54838709677419,NA
2014-07-23,"Conochilus",7.09677419354839,NA
2014-07-23,"Keratella",493.870967741935,NA
2014-07-23,"Kellicottia",1514.1935483871,NA
2014-07-23,"Polyarthra",5.48387096774194,NA
2014-07-23,"Trichocerca",1.93548387096774,NA
2014-08-13,"Daphnia",66.1290322580645,1.29400540957138
2014-08-13,"Ceriodaphnia",0,NA
2014-08-13,"Cyclopoida",66.1290322580645,NA
2014-08-13,"Nauplii",114.516129032258,NA
2014-08-13,"Bosmina",5.48387096774194,NA
2014-08-13,"Conochilus",0,NA
2014-08-13,"Keratella",193.225806451613,NA
2014-08-13,"Kellicottia",558.387096774194,NA
2014-08-13,"Polyarthra",1.93548387096774,NA
2014-08-13,"Trichocerca",5.48387096774194,NA
2014-09-04,"Daphnia",98.3870967741935,0.190918830920368
2014-09-04,"Ceriodaphnia",0,NA
2014-09-04,"Cyclopoida",295.161290322581,NA
2014-09-04,"Nauplii",1181.29032258065,NA
2014-09-04,"Bosmina",0,NA
2014-09-04,"Conochilus",0,NA
2014-09-04,"Keratella",192.258064516129,NA
2014-09-04,"Kellicottia",1114.1935483871,NA
2014-09-04,"Polyarthra",26.7741935483871,NA
2014-09-04,"Trichocerca",4.51612903225806,NA
2014-10-01,"Daphnia",53.5483870967742,NA
2014-10-01,"Ceriodaphnia",0,NA
2014-10-01,"Cyclopoida",382.58064516129,NA
2014-10-01,"Nauplii",738.387096774194,NA
2014-10-01,"Bosmina",40.3225806451613,NA
2014-10-01,"Conochilus",114.193548387097,NA
2014-10-01,"Keratella",583.870967741935,NA
2014-10-01,"Kellicottia",87.0967741935484,NA
2014-10-01,"Polyarthra",416.129032258065,NA
2014-10-01,"Trichocerca",275.161290322581,NA
2015-05-14,"Daphnia",0,NA
2015-05-14,"Ceriodaphnia",0,NA
2015-05-14,"Cyclopoida",33.5483870967742,NA
2015-05-14,"Nauplii",0,NA
2015-05-14,"Bosmina",2.58064516129032,NA
2015-05-14,"Conochilus",28.3870967741935,NA
2015-05-14,"Keratella",114.193548387097,NA
2015-05-14,"Kellicottia",1169.35483870968,NA
2015-05-14,"Polyarthra",0,NA
2015-05-14,"Trichocerca",0,NA
2015-05-28,"Daphnia",2.25806451612903,NA
2015-05-28,"Ceriodaphnia",2.25806451612903,NA
2015-05-28,"Cyclopoida",60,NA
2015-05-28,"Nauplii",76.1290322580645,NA
2015-05-28,"Bosmina",0,NA
2015-05-28,"Conochilus",50.6451612903226,NA
2015-05-28,"Keratella",101.290322580645,NA
2015-05-28,"Kellicottia",279.032258064516,NA
2015-05-28,"Polyarthra",126.774193548387,NA
2015-05-28,"Trichocerca",0,NA
2015-06-11,"Daphnia",41.6129032258065,NA
2015-06-11,"Ceriodaphnia",2.25806451612903,NA
2015-06-11,"Cyclopoida",43.8709677419355,NA
2015-06-11,"Nauplii",279.032258064516,NA
2015-06-11,"Bosmina",0,NA
2015-06-11,"Conochilus",25.4838709677419,NA
2015-06-11,"Keratella",963.548387096774,NA
2015-06-11,"Kellicottia",126.774193548387,NA
2015-06-11,"Polyarthra",25.4838709677419,NA
2015-06-11,"Trichocerca",0,NA
2015-06-25,"Daphnia",6.7741935483871,NA
2015-06-25,"Ceriodaphnia",2.25806451612903,NA
2015-06-25,"Cyclopoida",32.258064516129,NA
2015-06-25,"Nauplii",50.6451612903226,NA
2015-06-25,"Bosmina",0,NA
2015-06-25,"Conochilus",25.4838709677419,NA
2015-06-25,"Keratella",152.258064516129,NA
2015-06-25,"Kellicottia",50.6451612903226,NA
2015-06-25,"Polyarthra",0,NA
2015-06-25,"Trichocerca",0,NA
2015-07-09,"Daphnia",62.258064516129,0.558614357137373
2015-07-09,"Ceriodaphnia",2.25806451612903,NA
2015-07-09,"Cyclopoida",149.677419354839,NA
2015-07-09,"Nauplii",405.806451612903,NA
2015-07-09,"Bosmina",0,NA
2015-07-09,"Conochilus",0,NA
2015-07-09,"Keratella",101.290322580645,NA
2015-07-09,"Kellicottia",76.1290322580645,NA
2015-07-09,"Polyarthra",0,NA
2015-07-09,"Trichocerca",0,NA
2015-07-23,"Daphnia",0,NA
2015-07-23,"Ceriodaphnia",0,NA
2015-07-23,"Cyclopoida",82.9032258064516,NA
2015-07-23,"Nauplii",507.096774193548,NA
2015-07-23,"Bosmina",0,NA
2015-07-23,"Conochilus",0,NA
2015-07-23,"Keratella",304.193548387097,NA
2015-07-23,"Kellicottia",50.6451612903226,NA
2015-07-23,"Polyarthra",0,NA
2015-07-23,"Trichocerca",0,NA
2015-07-30,"Daphnia",9.03225806451613,0.0989949493661166
2015-07-30,"Ceriodaphnia",0,NA
2015-07-30,"Cyclopoida",69.0322580645161,NA
2015-07-30,"Nauplii",228.064516129032,NA
2015-07-30,"Bosmina",0,NA
2015-07-30,"Conochilus",0,NA
2015-07-30,"Keratella",811.290322580645,NA
2015-07-30,"Kellicottia",25.4838709677419,NA
2015-07-30,"Polyarthra",25.4838709677419,NA
2015-07-30,"Trichocerca",0,NA
2015-08-13,"Daphnia",4.51612903225806,NA
2015-08-13,"Ceriodaphnia",0,NA
2015-08-13,"Cyclopoida",46.1290322580645,NA
2015-08-13,"Nauplii",202.903225806452,NA
2015-08-13,"Bosmina",0,NA
2015-08-13,"Conochilus",50.6451612903226,NA
2015-08-13,"Keratella",354.838709677419,NA
2015-08-13,"Kellicottia",25.4838709677419,NA
2015-08-13,"Polyarthra",25.4838709677419,NA
2015-08-13,"Trichocerca",0,NA
2015-09-04,"Daphnia",34.5161290322581,0.0494974746830583
2015-09-04,"Ceriodaphnia",0,NA
2015-09-04,"Cyclopoida",80.6451612903226,NA
2015-09-04,"Nauplii",456.451612903226,NA
2015-09-04,"Bosmina",0,NA
2015-09-04,"Conochilus",25.4838709677419,NA
2015-09-04,"Keratella",304.193548387097,NA
2015-09-04,"Kellicottia",126.774193548387,NA
2015-09-04,"Polyarthra",25.4838709677419,NA
2015-09-04,"Trichocerca",0,NA
2015-09-18,"Daphnia",9.03225806451613,0.0989949493661166
2015-09-18,"Ceriodaphnia",0,NA
2015-09-18,"Cyclopoida",90,NA
2015-09-18,"Nauplii",583.225806451613,NA
2015-09-18,"Bosmina",4.51612903225806,NA
2015-09-18,"Conochilus",76.1290322580645,NA
2015-09-18,"Keratella",152.258064516129,NA
2015-09-18,"Kellicottia",50.6451612903226,NA
2015-09-18,"Polyarthra",101.290322580645,NA
2015-09-18,"Trichocerca",25.4838709677419,NA
2015-10-02,"Daphnia",101.290322580645,NA
2015-10-02,"Ceriodaphnia",0,NA
2015-10-02,"Cyclopoida",107.096774193548,NA
2015-10-02,"Nauplii",279.032258064516,NA
2015-10-02,"Bosmina",5.48387096774194,NA
2015-10-02,"Conochilus",405.806451612903,NA
2015-10-02,"Keratella",126.774193548387,NA
2015-10-02,"Kellicottia",50.6451612903226,NA
2015-10-02,"Polyarthra",279.032258064516,NA
2015-10-02,"Trichocerca",0,NA
2015-10-23,"Daphnia",82.9032258064516,NA
2015-10-23,"Ceriodaphnia",0,NA
2015-10-23,"Cyclopoida",147.41935483871,NA
2015-10-23,"Nauplii",202.903225806452,NA
2015-10-23,"Bosmina",13.8709677419355,NA
2015-10-23,"Conochilus",50.6451612903226,NA
2015-10-23,"Keratella",177.41935483871,NA
2015-10-23,"Kellicottia",76.1290322580645,NA
2015-10-23,"Polyarthra",659.032258064516,NA
2015-10-23,"Trichocerca",0,NA
2016-04-06,"Daphnia",0,NA
2016-04-06,"Ceriodaphnia",0,NA
2016-04-06,"Cyclopoida",27.4193548387097,NA
2016-04-06,"Nauplii",33.8709677419355,NA
2016-04-06,"Bosmina",7.74193548387097,NA
2016-04-06,"Conochilus",101.290322580645,NA
2016-04-06,"Keratella",253.548387096774,NA
2016-04-06,"Kellicottia",42.258064516129,NA
2016-04-06,"Polyarthra",16.7741935483871,NA
2016-04-06,"Trichocerca",0,NA
2016-04-20,"Daphnia",20.9677419354839,NA
2016-04-20,"Ceriodaphnia",0,NA
2016-04-20,"Cyclopoida",34.8387096774194,NA
2016-04-20,"Nauplii",123.548387096774,NA
2016-04-20,"Bosmina",3.87096774193548,NA
2016-04-20,"Conochilus",0,NA
2016-04-20,"Keratella",313.870967741935,NA
2016-04-20,"Kellicottia",47.4193548387097,NA
2016-04-20,"Polyarthra",19.0322580645161,NA
2016-04-20,"Trichocerca",0,NA
2016-05-04,"Daphnia",13.2258064516129,NA
2016-05-04,"Ceriodaphnia",0,NA
2016-05-04,"Cyclopoida",90.6451612903226,NA
2016-05-04,"Nauplii",101.290322580645,NA
2016-05-04,"Bosmina",0,NA
2016-05-04,"Conochilus",0,NA
2016-05-04,"Keratella",430.967741935484,NA
2016-05-04,"Kellicottia",76.1290322580645,NA
2016-05-04,"Polyarthra",0,NA
2016-05-04,"Trichocerca",0,NA
2016-05-20,"Daphnia",2.25806451612903,NA
2016-05-20,"Ceriodaphnia",0,NA
2016-05-20,"Cyclopoida",71.2903225806452,NA
2016-05-20,"Nauplii",215.483870967742,NA
2016-05-20,"Bosmina",0,NA
2016-05-20,"Conochilus",0,NA
2016-05-20,"Keratella",684.516129032258,NA
2016-05-20,"Kellicottia",266.129032258065,NA
2016-05-20,"Polyarthra",126.774193548387,NA
2016-05-20,"Trichocerca",0,NA
2016-06-02,"Daphnia",11.6129032258065,NA
2016-06-02,"Ceriodaphnia",0,NA
2016-06-02,"Cyclopoida",102.58064516129,NA
2016-06-02,"Nauplii",139.354838709677,NA
2016-06-02,"Bosmina",0,NA
2016-06-02,"Conochilus",2560.64516129032,NA
2016-06-02,"Keratella",1026.77419354839,NA
2016-06-02,"Kellicottia",710,NA
2016-06-02,"Polyarthra",50.6451612903226,NA
2016-06-02,"Trichocerca",0,NA
2016-06-23,"Daphnia",60,NA
2016-06-23,"Ceriodaphnia",2.25806451612903,NA
2016-06-23,"Cyclopoida",239.677419354839,NA
2016-06-23,"Nauplii",557.741935483871,NA
2016-06-23,"Bosmina",0,NA
2016-06-23,"Conochilus",228.064516129032,NA
2016-06-23,"Keratella",329.677419354839,NA
2016-06-23,"Kellicottia",329.677419354839,NA
2016-06-23,"Polyarthra",126.774193548387,NA
2016-06-23,"Trichocerca",0,NA
2016-07-07,"Daphnia",12.5806451612903,NA
2016-07-07,"Ceriodaphnia",0,NA
2016-07-07,"Cyclopoida",69.6774193548387,NA
2016-07-07,"Nauplii",279.032258064516,NA
2016-07-07,"Bosmina",0,NA
2016-07-07,"Conochilus",228.064516129032,NA
2016-07-07,"Keratella",139.354838709677,NA
2016-07-07,"Kellicottia",0,NA
2016-07-07,"Polyarthra",215.483870967742,NA
2016-07-07,"Trichocerca",0,NA
2016-07-21,"Daphnia",4.51612903225806,NA
2016-07-21,"Ceriodaphnia",8.70967741935484,NA
2016-07-21,"Cyclopoida",79.3548387096774,NA
2016-07-21,"Nauplii",380.322580645161,NA
2016-07-21,"Bosmina",0,NA
2016-07-21,"Conochilus",16.7741935483871,NA
2016-07-21,"Keratella",92.9032258064516,NA
2016-07-21,"Kellicottia",59.0322580645161,NA
2016-07-21,"Polyarthra",84.5161290322581,NA
2016-07-21,"Trichocerca",0,NA
2016-08-03,"Daphnia",0,NA
2016-08-03,"Ceriodaphnia",35.8064516129032,NA
2016-08-03,"Cyclopoida",326.129032258065,NA
2016-08-03,"Nauplii",718.709677419355,NA
2016-08-03,"Bosmina",0,NA
2016-08-03,"Conochilus",0,NA
2016-08-03,"Keratella",764.516129032258,NA
2016-08-03,"Kellicottia",114.193548387097,NA
2016-08-03,"Polyarthra",0,NA
2016-08-03,"Trichocerca",0,NA
2016-08-04,"Daphnia",5.48387096774194,0.0777817459305202
2016-08-04,"Ceriodaphnia",2.58064516129032,NA
2016-08-04,"Cyclopoida",52.9032258064516,NA
2016-08-04,"Nauplii",291.935483870968,NA
2016-08-04,"Bosmina",0,NA
2016-08-04,"Conochilus",0,NA
2016-08-04,"Keratella",552.258064516129,NA
2016-08-04,"Kellicottia",178.064516129032,NA
2016-08-04,"Polyarthra",0,NA
2016-08-04,"Trichocerca",4.51612903225806,NA
2016-08-11,"Daphnia",4.51612903225806,NA
2016-08-11,"Ceriodaphnia",0,NA
2016-08-11,"Cyclopoida",88.0645161290323,NA
2016-08-11,"Nauplii",160.645161290323,NA
2016-08-11,"Bosmina",0,NA
2016-08-11,"Conochilus",16.7741935483871,NA
2016-08-11,"Keratella",219.677419354839,NA
2016-08-11,"Kellicottia",25.4838709677419,NA
2016-08-11,"Polyarthra",0,NA
2016-08-11,"Trichocerca",8.38709677419355,NA
2016-08-23,"Daphnia",0,NA
2016-08-23,"Ceriodaphnia",69.6774193548387,NA
2016-08-23,"Cyclopoida",173.225806451613,NA
2016-08-23,"Nauplii",481.612903225806,NA
2016-08-23,"Bosmina",0,NA
2016-08-23,"Conochilus",0,NA
2016-08-23,"Keratella",164.838709677419,NA
2016-08-23,"Kellicottia",164.838709677419,NA
2016-08-23,"Polyarthra",0,NA
2016-08-23,"Trichocerca",0,NA
2016-09-06,"Daphnia",12.5806451612903,0.0919238815542512
2016-09-06,"Ceriodaphnia",308.387096774194,NA
2016-09-06,"Cyclopoida",101.290322580645,NA
2016-09-06,"Nauplii",253.548387096774,NA
2016-09-06,"Bosmina",0,NA
2016-09-06,"Conochilus",0,NA
2016-09-06,"Keratella",101.290322580645,NA
2016-09-06,"Kellicottia",76.1290322580645,NA
2016-09-06,"Polyarthra",0,NA
2016-09-06,"Trichocerca",0,NA
2016-09-27,"Daphnia",0,NA
2016-09-27,"Ceriodaphnia",225.806451612903,NA
2016-09-27,"Cyclopoida",133.548387096774,NA
2016-09-27,"Nauplii",253.548387096774,NA
2016-09-27,"Bosmina",0,NA
2016-09-27,"Conochilus",50.6451612903226,NA
2016-09-27,"Keratella",50.6451612903226,NA
2016-09-27,"Kellicottia",50.6451612903226,NA
2016-09-27,"Polyarthra",50.6451612903226,NA
2016-09-27,"Trichocerca",25.4838709677419,NA
2016-10-25,"Daphnia",50.6451612903226,NA
2016-10-25,"Ceriodaphnia",39.0322580645161,NA
2016-10-25,"Cyclopoida",35.8064516129032,NA
2016-10-25,"Nauplii",101.290322580645,NA
2016-10-25,"Bosmina",8.06451612903226,NA
2016-10-25,"Conochilus",0,NA
2016-10-25,"Keratella",50.6451612903226,NA
2016-10-25,"Kellicottia",38.0645161290323,NA
2016-10-25,"Polyarthra",139.354838709677,NA
2016-10-25,"Trichocerca",0,NA
2019-04-08,"Daphnia",29.0875413328789,NA
2019-04-08,"Ceriodaphnia",4.15536304755413,NA
2019-04-08,"Cyclopoida",16.6214521902165,NA
2019-04-08,"Nauplii",37.3982674279872,NA
2019-04-08,"Bosmina",0,NA
2019-04-08,"Conochilus",0,NA
2019-04-08,"Keratella",62.330445713312,NA
2019-04-08,"Kellicottia",232.700330663032,NA
2019-04-08,"Polyarthra",4.15536304755413,NA
2019-04-08,"Trichocerca",0,NA
2019-04-29,"Daphnia",80.139144488544,NA
2019-04-29,"Ceriodaphnia",0,NA
2019-04-29,"Cyclopoida",69.4539252234048,NA
2019-04-29,"Nauplii",154.935679344518,NA
2019-04-29,"Bosmina",0,NA
2019-04-29,"Conochilus",5.3426096325696,NA
2019-04-29,"Keratella",192.333946772506,NA
2019-04-29,"Kellicottia",149.593069711949,NA
2019-04-29,"Polyarthra",10.6852192651392,NA
2019-04-29,"Trichocerca",0,NA
2019-05-23,"Daphnia",121.544369140958,NA
2019-05-23,"Ceriodaphnia",0,NA
2019-05-23,"Cyclopoida",23.373917142492,NA
2019-05-23,"Nauplii",121.544369140958,NA
2019-05-23,"Bosmina",0,NA
2019-05-23,"Conochilus",0,NA
2019-05-23,"Keratella",210.365254282428,NA
2019-05-23,"Kellicottia",140.243502854952,NA
2019-05-23,"Polyarthra",18.6991337139936,NA
2019-05-23,"Trichocerca",0,NA
2019-06-06,"Daphnia",20.3990549607203,NA
2019-06-06,"Ceriodaphnia",0,NA
2019-06-06,"Cyclopoida",6.79968498690677,NA
2019-06-06,"Nauplii",67.9968498690676,NA
2019-06-06,"Bosmina",0,NA
2019-06-06,"Conochilus",0,NA
2019-06-06,"Keratella",71.396692362521,NA
2019-06-06,"Kellicottia",210.79023459411,NA
2019-06-06,"Polyarthra",3.39984249345338,NA
2019-06-06,"Trichocerca",3.39984249345338,NA
2019-06-13,"Daphnia",13.0893935997955,NA
2019-06-13,"Ceriodaphnia",0,NA
2019-06-13,"Cyclopoida",71.9916647988754,NA
2019-06-13,"Nauplii",405.771201593661,NA
2019-06-13,"Bosmina",0,NA
2019-06-13,"Conochilus",0,NA
2019-06-13,"Keratella",19.6340903996933,NA
2019-06-13,"Kellicottia",438.49468559315,NA
2019-06-13,"Polyarthra",26.178787199591,NA
2019-06-13,"Trichocerca",0,NA
2019-06-27,"Daphnia",52.3575743991821,NA
2019-06-27,"Ceriodaphnia",0,NA
2019-06-27,"Cyclopoida",74.7965348559744,NA
2019-06-27,"Nauplii",157.072723197546,NA
2019-06-27,"Bosmina",0,NA
2019-06-27,"Conochilus",127.154109255156,NA
2019-06-27,"Keratella",82.2761883415719,NA
2019-06-27,"Kellicottia",1667.96272728823,NA
2019-06-27,"Polyarthra",0,NA
2019-06-27,"Trichocerca",22.4389604567923,NA
2019-07-10,"Daphnia",50.4876610277827,21.0728534873742
2019-07-10,"Ceriodaphnia",0,0
2019-07-10,"Cyclopoida",178.057306587695,58.1925177373297
2019-07-10,"Nauplii",760.431437702406,249.009935598178
2019-07-10,"Bosmina",0,0
2019-07-10,"Conochilus",267.605380262486,145.940231041484
2019-07-10,"Keratella",127.569645559912,48.2219094791285
2019-07-10,"Kellicottia",11430.7804393643,2658.2413693427
2019-07-10,"Polyarthra",25.3477145900802,0.719729992225778
2019-07-10,"Trichocerca",8.31072609510827,14.394599844516
2019-07-11,"Daphnia",24.9321782853248,NA
2019-07-11,"Ceriodaphnia",24.9321782853248,NA
2019-07-11,"Cyclopoida",87.2626239986368,NA
2019-07-11,"Nauplii",511.109654849159,NA
2019-07-11,"Bosmina",0,NA
2019-07-11,"Conochilus",299.186139423898,NA
2019-07-11,"Keratella",124.660891426624,NA
2019-07-11,"Kellicottia",1009.75322055565,NA
2019-07-11,"Polyarthra",37.3982674279872,NA
2019-07-11,"Trichocerca",24.9321782853248,NA
2019-07-18,"Daphnia",24.9321782853248,NA
2019-07-18,"Ceriodaphnia",0,NA
2019-07-18,"Cyclopoida",62.330445713312,NA
2019-07-18,"Nauplii",536.041833134483,NA
2019-07-18,"Bosmina",0,NA
2019-07-18,"Conochilus",934.95668569968,NA
2019-07-18,"Keratella",112.194802283962,NA
2019-07-18,"Kellicottia",486.177476563834,NA
2019-07-18,"Polyarthra",37.3982674279872,NA
2019-07-18,"Trichocerca",24.9321782853248,NA
2019-07-24,"Daphnia",49.8643565706496,NA
2019-07-24,"Ceriodaphnia",49.8643565706496,NA
2019-07-24,"Cyclopoida",922.490596557018,NA
2019-07-24,"Nauplii",7604.31437702406,NA
2019-07-24,"Bosmina",24.9321782853248,NA
2019-07-24,"Conochilus",473.711387421171,NA
2019-07-24,"Keratella",498.643565706496,NA
2019-07-24,"Kellicottia",3964.21634736664,NA
2019-07-24,"Polyarthra",473.711387421171,NA
2019-07-24,"Trichocerca",74.7965348559744,NA
2019-07-25,"Daphnia",137.126980569286,NA
2019-07-25,"Ceriodaphnia",0,NA
2019-07-25,"Cyclopoida",536.041833134483,NA
2019-07-25,"Nauplii",5360.41833134483,NA
2019-07-25,"Bosmina",0,NA
2019-07-25,"Conochilus",162.059158854611,NA
2019-07-25,"Keratella",261.78787199591,NA
2019-07-25,"Kellicottia",3328.44580109086,NA
2019-07-25,"Polyarthra",373.982674279872,NA
2019-07-25,"Trichocerca",12.4660891426624,NA
2019-08-14,"Daphnia",46.747834284984,NA
2019-08-14,"Ceriodaphnia",46.747834284984,NA
2019-08-14,"Cyclopoida",74.7965348559744,NA
2019-08-14,"Nauplii",336.584406851885,NA
2019-08-14,"Bosmina",9.3495668569968,NA
2019-08-14,"Conochilus",0,NA
2019-08-14,"Keratella",626.420979418786,NA
2019-08-14,"Kellicottia",65.4469679989776,NA
2019-08-14,"Polyarthra",0,NA
2019-08-14,"Trichocerca",9.3495668569968,NA
2019-09-04,"Daphnia",7.47965348559744,NA
2019-09-04,"Ceriodaphnia",115.93462902676,NA
2019-09-04,"Cyclopoida",59.8372278847795,NA
2019-09-04,"Nauplii",71.0567081131757,NA
2019-09-04,"Bosmina",11.2194802283962,NA
2019-09-04,"Conochilus",0,NA
2019-09-04,"Keratella",104.715148798364,NA
2019-09-04,"Kellicottia",0,NA
2019-09-04,"Polyarthra",3.73982674279872,NA
2019-09-04,"Trichocerca",18.6991337139936,NA
2019-10-04,"Daphnia",3.73982674279872,NA
2019-10-04,"Ceriodaphnia",104.715148798364,NA
2019-10-04,"Cyclopoida",123.414282512358,NA
2019-10-04,"Nauplii",112.194802283962,NA
2019-10-04,"Bosmina",33.6584406851885,NA
2019-10-04,"Conochilus",100.975322055565,NA
2019-10-04,"Keratella",18.6991337139936,NA
2019-10-04,"Kellicottia",3.73982674279872,NA
2019-10-04,"Polyarthra",0,NA
2019-10-04,"Trichocerca",0,NA
2019-11-15,"Daphnia",8.31072609510827,NA
2019-11-15,"Ceriodaphnia",4.15536304755413,NA
2019-11-15,"Cyclopoida",45.7089935230955,NA
2019-11-15,"Nauplii",83.1072609510827,NA
2019-11-15,"Bosmina",178.680611044828,NA
2019-11-15,"Conochilus",216.078878472815,NA
2019-11-15,"Keratella",29.0875413328789,NA
2019-11-15,"Kellicottia",0,NA
2019-11-15,"Polyarthra",49.8643565706496,NA
2019-11-15,"Trichocerca",0,NA
2020-05-14,"Daphnia",120.88328865612,NA
2020-05-14,"Ceriodaphnia",0,NA
2020-05-14,"Cyclopoida",105.772877574105,NA
2020-05-14,"Nauplii",275.765002246774,NA
2020-05-14,"Bosmina",0,NA
2020-05-14,"Conochilus",177.547330213677,NA
2020-05-14,"Keratella",0,NA
2020-05-14,"Kellicottia",7.55520554100752,NA
2020-05-14,"Polyarthra",234.211371771233,NA
2020-05-14,"Trichocerca",0,NA
2020-06-04,"Daphnia",40.3731296097589,NA
2020-06-04,"Ceriodaphnia",0,NA
2020-06-04,"Cyclopoida",25.4988187009004,NA
2020-06-04,"Nauplii",110.494881037235,NA
2020-06-04,"Bosmina",0,NA
2020-06-04,"Conochilus",0,NA
2020-06-04,"Keratella",2.12490155840836,NA
2020-06-04,"Kellicottia",2.12490155840836,NA
2020-06-04,"Polyarthra",14.8743109088585,NA
2020-06-04,"Trichocerca",2.12490155840836,NA
2020-06-25,"Daphnia",41.8117275592404,NA
2020-06-25,"Ceriodaphnia",0,NA
2020-06-25,"Cyclopoida",46.4574750658226,NA
2020-06-25,"Nauplii",418.117275592404,NA
2020-06-25,"Bosmina",0,NA
2020-06-25,"Conochilus",255.516112862024,NA
2020-06-25,"Keratella",74.3319601053162,NA
2020-06-25,"Kellicottia",51.1032225724049,NA
2020-06-25,"Polyarthra",4.64574750658226,NA
2020-06-25,"Trichocerca",4.64574750658226,NA
2020-07-02,"Daphnia",43.3603100614344,NA
2020-07-02,"Ceriodaphnia",0,NA
2020-07-02,"Cyclopoida",75.8805426075103,NA
2020-07-02,"Nauplii",292.682092914682,NA
2020-07-02,"Bosmina",0,NA
2020-07-02,"Conochilus",0,NA
2020-07-02,"Keratella",108.400775153586,NA
2020-07-02,"Kellicottia",37.9402713037551,NA
2020-07-02,"Polyarthra",0,NA
2020-07-02,"Trichocerca",0,NA
2020-08-06,"Daphnia",5.75357960430573,NA
2020-08-06,"Ceriodaphnia",5.75357960430573,NA
2020-08-06,"Cyclopoida",3.59598725269108,NA
2020-08-06,"Nauplii",20.13752861507,NA
2020-08-06,"Bosmina",4.3151847032293,NA
2020-08-06,"Conochilus",35.2406750763726,NA
2020-08-06,"Keratella",21.5759235161465,NA
2020-08-06,"Kellicottia",2.15759235161465,NA
2020-08-06,"Polyarthra",0,NA
2020-08-06,"Trichocerca",2.87678980215286,NA
2020-08-12,"Daphnia",4.79377791576927,0.432729302775666
2020-08-12,"Ceriodaphnia",6.39170388769236,0.576972403700902
2020-08-12,"Cyclopoida",9.2475715821932,10.962475670317
2020-08-12,"Nauplii",35.5283540565879,23.800111652662
2020-08-12,"Bosmina",0,0
2020-08-12,"Conochilus",0,0
2020-08-12,"Keratella",75.7144923292068,20.3382772304566
2020-08-12,"Kellicottia",0.849960623363345,1.20202584104353
2020-08-12,"Polyarthra",0,0
2020-08-12,"Trichocerca",2.34589132048283,0.913539639193089
2020-08-13,"Daphnia",1.28627374335653,0.584985909307852
2020-08-13,"Ceriodaphnia",21.4076749004448,12.997906094484
2020-08-13,"Cyclopoida",17.089874933759,14.2960940028111
2020-08-13,"Nauplii",39.8064891941833,25.4428803020881
2020-08-13,"Bosmina",2.59521310333608,1.26613388589919
2020-08-13,"Conochilus",1.28627374335653,0.584985909307852
2020-08-13,"Keratella",36.8882910539692,15.1455255971486
2020-08-13,"Kellicottia",1.28627374335653,0.584985909307852
2020-08-13,"Polyarthra",0.436313119993184,0.61703993173568
2020-08-13,"Trichocerca",2.1588999833429,0.649093954163506
2020-09-03,"Daphnia",0,NA
2020-09-03,"Ceriodaphnia",80.139144488544,NA
2020-09-03,"Cyclopoida",160.278288977088,NA
2020-09-03,"Nauplii",256.445262363341,NA
2020-09-03,"Bosmina",16.0278288977088,NA
2020-09-03,"Conochilus",256.445262363341,NA
2020-09-03,"Keratella",32.0556577954176,NA
2020-09-03,"Kellicottia",0,NA
2020-09-03,"Polyarthra",0,NA
2020-09-03,"Trichocerca",26.713048162848,NA
2020-10-01,"Daphnia",6.2330445713312,NA
2020-10-01,"Ceriodaphnia",37.3982674279872,NA
2020-10-01,"Cyclopoida",81.0295794273056,NA
2020-10-01,"Nauplii",211.923515425261,NA
2020-10-01,"Bosmina",74.7965348559744,NA
2020-10-01,"Conochilus",0,NA
2020-10-01,"Keratella",6.2330445713312,NA
2020-10-01,"Kellicottia",0,NA
2020-10-01,"Polyarthra",6.2330445713312,NA
2020-10-01,"Trichocerca",193.224381711267,NA
2020-11-10,"Daphnia",4.15536304755413,NA
2020-11-10,"Ceriodaphnia",0,NA
2020-11-10,"Cyclopoida",403.070215612751,NA
2020-11-10,"Nauplii",62.330445713312,NA
2020-11-10,"Bosmina",20.7768152377707,NA
2020-11-10,"Conochilus",0,NA
2020-11-10,"Keratella",8.31072609510827,NA
2020-11-10,"Kellicottia",0,NA
2020-11-10,"Polyarthra",45.7089935230955,NA
2020-11-10,"Trichocerca",0,NA
2020-12-02,"Daphnia",6.79968498690677,NA
2020-12-02,"Ceriodaphnia",0,NA
2020-12-02,"Cyclopoida",95.1955898166947,NA
2020-12-02,"Nauplii",115.594644777415,NA
2020-12-02,"Bosmina",271.987399476271,NA
2020-12-02,"Conochilus",129.194014751229,NA
2020-12-02,"Keratella",27.1987399476271,NA
2020-12-02,"Kellicottia",0,NA
2020-12-02,"Polyarthra",129.194014751229,NA
2020-12-02,"Trichocerca",0,NA
2021-03-08,"Daphnia",9.3495668569968,NA
2021-03-08,"Ceriodaphnia",0,NA
2021-03-08,"Cyclopoida",0,NA
2021-03-08,"Nauplii",6.2330445713312,NA
2021-03-08,"Bosmina",21.8156559996592,NA
2021-03-08,"Conochilus",623.30445713312,NA
2021-03-08,"Keratella",9.3495668569968,NA
2021-03-08,"Kellicottia",0,NA
2021-03-08,"Polyarthra",52.9808788563152,NA
2021-03-08,"Trichocerca",0,NA
2021-04-05,"Daphnia",9.3495668569968,NA
2021-04-05,"Ceriodaphnia",0,NA
2021-04-05,"Cyclopoida",29.9186139423898,NA
2021-04-05,"Nauplii",22.4389604567923,NA
2021-04-05,"Bosmina",3.73982674279872,NA
2021-04-05,"Conochilus",26.178787199591,NA
2021-04-05,"Keratella",5.60974011419808,NA
2021-04-05,"Kellicottia",14.9593069711949,NA
2021-04-05,"Polyarthra",16.8292203425942,NA
2021-04-05,"Trichocerca",0,NA
2021-05-14,"Daphnia",0,NA
2021-05-14,"Ceriodaphnia",0,NA
2021-05-14,"Cyclopoida",74.7965348559744,NA
2021-05-14,"Nauplii",415.536304755413,NA
2021-05-14,"Bosmina",0,NA
2021-05-14,"Conochilus",1055.46221407875,NA
2021-05-14,"Keratella",8.31072609510827,NA
2021-05-14,"Kellicottia",8.31072609510827,NA
2021-05-14,"Polyarthra",714.722444179311,NA
2021-05-14,"Trichocerca",0,NA
2021-06-15,"Daphnia",286.720050281236,17.6297123353053
2021-06-15,"Ceriodaphnia",49.8643565706496,35.2594246706103
2021-06-15,"Cyclopoida",847.694061701045,387.853671376717
2021-06-15,"Nauplii",1807.58292568604,546.521082394461
2021-06-15,"Bosmina",12.4660891426624,17.6297123353052
2021-06-15,"Conochilus",1196.74455769559,1621.93353484807
2021-06-15,"Keratella",847.694061701043,141.037698682442
2021-06-15,"Kellicottia",0,0
2021-06-15,"Polyarthra",0,0
2021-06-15,"Trichocerca",0,0
2021-06-16,"Daphnia",286.720050281235,88.1485616765258
2021-06-16,"Ceriodaphnia",24.9321782853248,0
2021-06-16,"Cyclopoida",723.03317027442,105.778274011831
2021-06-16,"Nauplii",1545.79505369013,246.815972694274
2021-06-16,"Bosmina",0,0
2021-06-16,"Conochilus",423.847030850521,599.410219400375
2021-06-16,"Keratella",498.643565706496,141.037698682441
2021-06-16,"Kellicottia",12.4660891426624,17.6297123353052
2021-06-16,"Polyarthra",0,0
2021-06-16,"Trichocerca",37.3982674279872,52.8891370059155
2021-06-28,"Daphnia",12.4660891426624,NA
2021-06-28,"Ceriodaphnia",18.6991337139936,NA
2021-06-28,"Cyclopoida",93.495668569968,NA
2021-06-28,"Nauplii",199.457426282598,NA
2021-06-28,"Bosmina",0,NA
2021-06-28,"Conochilus",0,NA
2021-06-28,"Keratella",548.507922277146,NA
2021-06-28,"Kellicottia",0,NA
2021-06-28,"Polyarthra",0,NA
2021-06-28,"Trichocerca",0,NA
2021-07-07,"Daphnia",74.7965348559744,35.2594246706103
2021-07-07,"Ceriodaphnia",12.4660891426624,17.6297123353052
2021-07-07,"Cyclopoida",660.702724561107,88.1485616765258
2021-07-07,"Nauplii",1396.20198397819,211.556548023664
2021-07-07,"Bosmina",62.330445713312,17.6297123353052
2021-07-07,"Conochilus",199.457426282599,282.075397364883
2021-07-07,"Keratella",1284.00718169423,405.483383712017
2021-07-07,"Kellicottia",37.3982674279872,17.6297123353052
2021-07-07,"Polyarthra",24.9321782853248,0
2021-07-07,"Trichocerca",37.3982674279872,17.6297123353052
2021-07-08,"Daphnia",49.8643565706496,35.2594246706103
2021-07-08,"Ceriodaphnia",0,0
2021-07-08,"Cyclopoida",236.855693710586,17.6297123353053
2021-07-08,"Nauplii",1174.92890169593,524.48394197533
2021-07-08,"Bosmina",46.747834284984,66.1114212573943
2021-07-08,"Conochilus",12.4660891426624,17.6297123353052
2021-07-08,"Keratella",763.547959988073,260.038256945751
2021-07-08,"Kellicottia",12.4660891426624,17.6297123353052
2021-07-08,"Polyarthra",12.4660891426624,17.6297123353052
2021-07-08,"Trichocerca",34.2817451423216,22.0371404191314
2021-07-26,"Daphnia",14.9593069711949,NA
2021-07-26,"Ceriodaphnia",7.47965348559744,NA
2021-07-26,"Cyclopoida",299.186139423898,NA
2021-07-26,"Nauplii",583.4129718766,NA
2021-07-26,"Bosmina",14.9593069711949,NA
2021-07-26,"Conochilus",0,NA
2021-07-26,"Keratella",59.8372278847795,NA
2021-07-26,"Kellicottia",22.4389604567923,NA
2021-07-26,"Polyarthra",7.47965348559744,NA
2021-07-26,"Trichocerca",0,NA
2021-08-23,"Daphnia",0,NA
2021-08-23,"Ceriodaphnia",174.525247997274,NA
2021-08-23,"Cyclopoida",249.321782853248,NA
2021-08-23,"Nauplii",137.126980569286,NA
2021-08-23,"Bosmina",373.982674279872,NA
2021-08-23,"Conochilus",0,NA
2021-08-23,"Keratella",1396.20198397819,NA
2021-08-23,"Kellicottia",162.059158854611,NA
2021-08-23,"Polyarthra",0,NA
2021-08-23,"Trichocerca",24.9321782853248,NA
2021-09-21,"Daphnia",6.2330445713312,NA
2021-09-21,"Ceriodaphnia",18.6991337139936,NA
2021-09-21,"Cyclopoida",243.088738281917,NA
2021-09-21,"Nauplii",324.118317709222,NA
2021-09-21,"Bosmina",112.194802283962,NA
2021-09-21,"Conochilus",0,NA
2021-09-21,"Keratella",49.8643565706496,NA
2021-09-21,"Kellicottia",31.165222856656,NA
2021-09-21,"Polyarthra",12.4660891426624,NA
2021-09-21,"Trichocerca",49.8643565706496,NA
2021-10-26,"Daphnia",0,NA
2021-10-26,"Ceriodaphnia",0,NA
2021-10-26,"Cyclopoida",69.2560507925689,NA
2021-10-26,"Nauplii",55.4048406340551,NA
2021-10-26,"Bosmina",297.801018408046,NA
2021-10-26,"Conochilus",533.27159110278,NA
2021-10-26,"Keratella",159.288916822908,NA
2021-10-26,"Kellicottia",20.7768152377707,NA
2021-10-26,"Polyarthra",20.7768152377707,NA
2021-10-26,"Trichocerca",0,NA
2021-11-09,"Daphnia",0,NA
2021-11-09,"Ceriodaphnia",0,NA
2021-11-09,"Cyclopoida",299.186139423898,NA
2021-11-09,"Nauplii",108.039439236407,NA
2021-11-09,"Bosmina",257.632508948356,NA
2021-11-09,"Conochilus",0,NA
2021-11-09,"Keratella",132.971617521732,NA
2021-11-09,"Kellicottia",157.903795807057,NA
2021-11-09,"Polyarthra",74.7965348559744,NA
2021-11-09,"Trichocerca",0,NA
2021-12-06,"Daphnia",0,NA
2021-12-06,"Ceriodaphnia",0,NA
2021-12-06,"Cyclopoida",150.631910473837,NA
2021-12-06,"Nauplii",103.884076188853,NA
2021-12-06,"Bosmina",77.91305714164,NA
2021-12-06,"Conochilus",57.1362419038693,NA
2021-12-06,"Keratella",109.078279998296,NA
2021-12-06,"Kellicottia",93.495668569968,NA
2021-12-06,"Polyarthra",57.1362419038693,NA
2021-12-06,"Trichocerca",0,NA
2023-04-24,"Daphnia",27.7024203170276,NA
2023-04-24,"Ceriodaphnia",0,NA
2023-04-24,"Cyclopoida",55.4048406340551,NA
2023-04-24,"Nauplii",69.2560507925689,NA
2023-04-24,"Bosmina",41.5536304755413,NA
2023-04-24,"Conochilus",0,NA
2023-04-24,"Keratella",4196.91667802968,NA
2023-04-24,"Kellicottia",1426.67464632692,NA
2023-04-24,"Polyarthra",124.660891426624,NA
2023-04-24,"Trichocerca",13.8512101585138,NA
2023-05-22,"Daphnia",137.126980569286,NA
2023-05-22,"Ceriodaphnia",0,NA
2023-05-22,"Cyclopoida",211.923515425261,NA
2023-05-22,"Nauplii",548.507922277146,NA
2023-05-22,"Bosmina",24.9321782853248,NA
2023-05-22,"Conochilus",1483.46460797683,NA
2023-05-22,"Keratella",62.330445713312,NA
2023-05-22,"Kellicottia",648.236635418445,NA
2023-05-22,"Polyarthra",24.9321782853248,NA
2023-05-22,"Trichocerca",0,NA
2023-06-14,"Daphnia",8.31072609510827,NA
2023-06-14,"Ceriodaphnia",24.9321782853248,NA
2023-06-14,"Cyclopoida",191.14670018749,NA
2023-06-14,"Nauplii",714.722444179311,NA
2023-06-14,"Bosmina",0,NA
2023-06-14,"Conochilus",8.31072609510827,NA
2023-06-14,"Keratella",141.282343616841,NA
2023-06-14,"Kellicottia",24.9321782853248,NA
2023-06-14,"Polyarthra",224.389604567923,NA
2023-06-14,"Trichocerca",0,NA
2023-07-24,"Daphnia",8.31072609510827,NA
2023-07-24,"Ceriodaphnia",0,NA
2023-07-24,"Cyclopoida",548.507922277146,NA
2023-07-24,"Nauplii",473.711387421171,NA
2023-07-24,"Bosmina",8.31072609510827,NA
2023-07-24,"Conochilus",249.321782853248,NA
2023-07-24,"Keratella",0,NA
2023-07-24,"Kellicottia",0,NA
2023-07-24,"Polyarthra",16.6214521902165,NA
2023-07-24,"Trichocerca",0,NA
2023-08-14,"Daphnia",0,NA
2023-08-14,"Ceriodaphnia",0,NA
2023-08-14,"Cyclopoida",87.2626239986368,NA
2023-08-14,"Nauplii",121.544369140958,NA
2023-08-14,"Bosmina",0,NA
2023-08-14,"Conochilus",3.1165222856656,NA
2023-08-14,"Keratella",46.747834284984,NA
2023-08-14,"Kellicottia",0,NA
2023-08-14,"Polyarthra",3.1165222856656,NA
2023-08-14,"Trichocerca",9.3495668569968,NA
2023-09-18,"Daphnia",9.23414010567585,NA
2023-09-18,"Ceriodaphnia",9.23414010567585,NA
2023-09-18,"Cyclopoida",32.3194903698655,NA
2023-09-18,"Nauplii",646.38980739731,NA
2023-09-18,"Bosmina",0,NA
2023-09-18,"Conochilus",914.179870461909,NA
2023-09-18,"Keratella",55.4048406340551,NA
2023-09-18,"Kellicottia",0,NA
2023-09-18,"Polyarthra",13.8512101585138,NA
2023-09-18,"Trichocerca",0,NA
2023-10-17,"Daphnia",17.808698775232,NA
2023-10-17,"Ceriodaphnia",5.93623292507734,NA
2023-10-17,"Cyclopoida",166.214521902165,NA
2023-10-17,"Nauplii",112.788425576469,NA
2023-10-17,"Bosmina",700.475485159126,NA
2023-10-17,"Conochilus",53.426096325696,NA
2023-10-17,"Keratella",65.2985621758507,NA
2023-10-17,"Kellicottia",0,NA
2023-10-17,"Polyarthra",0,NA
2023-10-17,"Trichocerca",5.93623292507734,NA
2023-12-04,"Daphnia",48.4792355547982,NA
2023-12-04,"Ceriodaphnia",0,NA
2023-12-04,"Cyclopoida",96.9584711095965,NA
2023-12-04,"Nauplii",90.0328660303396,NA
2023-12-04,"Bosmina",131.586496505881,NA
2023-12-04,"Conochilus",0,NA
2023-12-04,"Keratella",27.7024203170276,NA
2023-12-04,"Kellicottia",0,NA
2023-12-04,"Polyarthra",387.833884438386,NA
2023-12-04,"Trichocerca",0,NA
